,20200122,Country_Flag,20200123,20200124,20200125,20200126,20200127,20200128,20200129,20200130,20200131,20200201,20200202,20200203,20200204,20200205,20200206,20200207,20200208,20200209,20200210,20200211,20200212,20200213,20200214,20200215,20200216,20200217,20200218,20200219,20200220,20200221,20200222,20200223,20200224,20200225,20200226,20200227,20200228,20200229,20200301,20200302,20200303,20200304,20200305,20200306,20200307,20200308,20200309,20200310,20200311,20200312,20200313,20200314,20200315,20200316,20200317,20200318,20200319,20200320,20200321,20200322,20200323,20200324,20200325,20200326,20200327,20200328,20200329,20200330,20200331,20200401,20200402,20200403,20200404,20200405,20200406,20200407,20200408,20200409,20200410,20200411,20200412,20200413,20200414,20200415,20200416,20200417,20200418,20200419,20200420,20200421,20200422,20200423,20200424,20200425,20200426,20200427,20200428,20200429,20200430,20200501,20200502,20200503,20200504,20200505,20200506,20200507,20200508,20200509,20200510,20200511,20200512,20200513,20200514,20200515,20200516,20200517,20200518,20200519,20200520,20200521,20200522,20200523,20200524,20200525,20200526,20200527,20200528,20200529,20200530,20200531,20200601,20200602,20200603,20200604,20200605,20200606,20200607,20200608,20200609,20200610,20200611,20200612,20200613,20200614,20200615,20200616,20200617,Country_Region
0,0,https://flagcdn.com/48x36/af.png,0,0,0,0,0,0,0,0,0,0,0,0,0,0,0,0,0,0,0,0,0,0,0,0,0,0,0,0,0,0,0,0,0,0,0,0,0,0,0,0,0,0,0,0,0,0,0,0,0,0,0,0,0,0,0,0,0,0,0,1,1,1,2,4,4,4,4,4,4,4,6,6,7,7,11,14,14,15,15,18,18,21,23,25,30,30,30,33,36,36,40,42,43,47,50,57,58,60,64,68,72,85,90,95,104,106,109,115,120,122,127,132,136,153,168,169,173,178,187,193,205,216,218,219,220,227,235,246,249,257,265,270,294,300,309,327,357,369,384,405,426,446,451,471,478,491,504,Afghanistan
1,0,https://flagcdn.com/48x36/al.png,0,0,0,0,0,0,0,0,0,0,0,0,0,0,0,0,0,0,0,0,0,0,0,0,0,0,0,0,0,0,0,0,0,0,0,0,0,0,0,0,0,0,0,0,0,0,0,0,1,1,1,1,1,1,1,2,2,2,2,2,4,5,5,6,8,10,10,11,15,15,16,17,20,20,21,22,22,23,23,23,23,23,24,25,26,26,26,26,26,26,27,27,27,27,28,28,30,30,31,31,31,31,31,31,31,31,31,31,31,31,31,31,31,31,31,31,31,31,31,31,31,31,32,32,33,33,33,33,33,33,33,33,33,33,33,34,34,34,34,34,35,36,36,36,36,37,38,Albania
2,0,https://flagcdn.com/48x36/dz.png,0,0,0,0,0,0,0,0,0,0,0,0,0,0,0,0,0,0,0,0,0,0,0,0,0,0,0,0,0,0,0,0,0,0,0,0,0,0,0,0,0,0,0,0,0,0,0,0,0,1,2,3,4,4,4,7,9,11,15,17,17,19,21,25,26,29,31,35,44,58,86,105,130,152,173,193,205,235,256,275,293,313,326,336,348,364,367,375,384,392,402,407,415,419,425,432,437,444,450,453,459,463,465,470,476,483,488,494,502,507,515,522,529,536,542,548,555,561,568,575,582,592,600,609,617,623,630,638,646,653,661,667,673,681,690,698,707,715,724,732,741,751,760,767,777,788,799,Algeria
3,0,https://flagcdn.com/48x36/ad.png,0,0,0,0,0,0,0,0,0,0,0,0,0,0,0,0,0,0,0,0,0,0,0,0,0,0,0,0,0,0,0,0,0,0,0,0,0,0,0,0,0,0,0,0,0,0,0,0,0,0,0,0,0,0,0,0,0,0,0,1,1,1,1,3,3,3,6,8,12,14,15,16,17,18,21,22,23,25,26,26,29,29,31,33,33,35,35,36,37,37,37,37,40,40,40,40,41,42,42,43,44,45,45,46,46,47,47,48,48,48,48,49,49,49,51,51,51,51,51,51,51,51,51,51,51,51,51,51,51,51,51,51,51,51,51,51,51,51,51,51,51,51,51,51,51,52,52,Andorra
4,0,https://flagcdn.com/48x36/ao.png,0,0,0,0,0,0,0,0,0,0,0,0,0,0,0,0,0,0,0,0,0,0,0,0,0,0,0,0,0,0,0,0,0,0,0,0,0,0,0,0,0,0,0,0,0,0,0,0,0,0,0,0,0,0,0,0,0,0,0,0,0,0,0,0,0,0,2,2,2,2,2,2,2,2,2,2,2,2,2,2,2,2,2,2,2,2,2,2,2,2,2,2,2,2,2,2,2,2,2,2,2,2,2,2,2,2,2,2,2,2,2,2,2,2,2,2,3,3,3,3,3,4,4,4,4,4,4,4,4,4,4,4,4,4,4,4,4,4,4,4,5,5,6,6,6,6,7,Angola
5,0,https://flagcdn.com/48x36/ag.png,0,0,0,0,0,0,0,0,0,0,0,0,0,0,0,0,0,0,0,0,0,0,0,0,0,0,0,0,0,0,0,0,0,0,0,0,0,0,0,0,0,0,0,0,0,0,0,0,0,0,0,0,0,0,0,0,0,0,0,0,0,0,0,0,0,0,0,0,0,0,0,0,0,0,0,1,2,2,2,2,2,2,2,2,3,3,3,3,3,3,3,3,3,3,3,3,3,3,3,3,3,3,3,3,3,3,3,3,3,3,3,3,3,3,3,3,3,3,3,3,3,3,3,3,3,3,3,3,3,3,3,3,3,3,3,3,3,3,3,3,3,3,3,3,3,3,3,Antigua and Barbuda
6,0,https://flagcdn.com/48x36/ar.png,0,0,0,0,0,0,0,0,0,0,0,0,0,0,0,0,0,0,0,0,0,0,0,0,0,0,0,0,0,0,0,0,0,0,0,0,0,0,0,0,0,0,0,0,0,1,1,1,1,1,2,2,2,2,2,2,3,3,4,4,4,6,8,9,13,18,19,23,27,28,36,39,43,44,48,56,63,72,82,83,90,97,102,111,115,123,129,132,136,147,152,165,176,185,192,197,207,214,218,225,237,246,260,264,273,282,293,300,305,314,319,329,353,356,363,373,382,393,403,416,433,445,452,467,484,500,508,520,528,539,556,569,583,608,632,648,664,693,717,735,765,785,815,833,854,878,913,Argentina
7,0,https://flagcdn.com/48x36/am.png,0,0,0,0,0,0,0,0,0,0,0,0,0,0,0,0,0,0,0,0,0,0,0,0,0,0,0,0,0,0,0,0,0,0,0,0,0,0,0,0,0,0,0,0,0,0,0,0,0,0,0,0,0,0,0,0,0,0,0,0,0,0,0,1,1,1,3,3,3,4,7,7,7,7,8,8,9,10,12,13,13,14,16,17,18,19,20,20,22,24,24,24,27,28,28,29,30,30,32,33,33,35,39,40,40,42,43,44,45,46,47,48,49,52,55,60,61,64,67,70,74,77,81,87,91,98,113,120,127,131,139,158,170,176,183,190,200,211,217,227,245,258,264,269,285,293,302,Armenia
8,0,https://flagcdn.com/48x36/au.png,0,0,0,0,0,0,0,0,0,0,0,0,0,0,0,0,0,0,0,0,0,0,0,0,0,0,0,0,0,0,0,0,0,0,0,0,0,0,1,1,1,2,2,2,2,4,4,3,3,3,3,3,3,3,5,6,6,7,7,7,7,8,8,13,13,14,16,17,18,20,24,28,30,35,40,45,50,51,54,57,60,61,62,63,63,66,67,67,67,67,67,75,79,80,83,83,89,91,93,93,94,95,96,97,97,97,97,97,97,97,98,98,98,98,98,99,99,100,100,101,101,102,102,102,103,103,103,103,103,103,102,102,102,102,102,102,102,102,102,102,102,102,102,102,102,102,102,Australia
9,0,https://flagcdn.com/48x36/at.png,0,0,0,0,0,0,0,0,0,0,0,0,0,0,0,0,0,0,0,0,0,0,0,0,0,0,0,0,0,0,0,0,0,0,0,0,0,0,0,0,0,0,0,0,0,0,0,0,0,1,1,1,1,3,3,4,6,6,8,16,21,28,30,49,58,68,86,108,128,146,158,168,186,204,220,243,273,295,319,337,350,368,384,393,410,431,443,452,470,491,510,522,530,536,542,549,569,580,584,589,596,598,600,606,608,609,614,615,618,620,623,624,626,628,629,629,629,632,633,633,635,639,640,641,643,645,668,668,668,668,668,669,670,670,672,672,672,672,672,673,674,675,677,677,678,681,687,Austria
10,0,https://flagcdn.com/48x36/az.png,0,0,0,0,0,0,0,0,0,0,0,0,0,0,0,0,0,0,0,0,0,0,0,0,0,0,0,0,0,0,0,0,0,0,0,0,0,0,0,0,0,0,0,0,0,0,0,0,0,0,1,1,1,1,1,1,1,1,1,1,1,1,2,3,3,4,4,4,5,5,5,5,5,7,7,8,8,9,10,11,11,12,13,13,15,15,18,19,19,20,20,20,21,21,21,22,22,23,24,25,25,25,26,26,28,28,28,31,32,32,33,35,35,36,36,39,40,41,43,44,46,49,49,51,52,54,56,58,61,63,68,71,76,78,82,84,88,93,98,102,108,113,115,119,122,126,133,Azerbaijan
11,0,https://flagcdn.com/48x36/bs.png,0,0,0,0,0,0,0,0,0,0,0,0,0,0,0,0,0,0,0,0,0,0,0,0,0,0,0,0,0,0,0,0,0,0,0,0,0,0,0,0,0,0,0,0,0,0,0,0,0,0,0,0,0,0,0,0,0,0,0,0,0,0,0,0,0,0,0,0,0,1,1,1,4,4,5,6,7,8,8,8,8,8,8,8,8,9,9,9,9,9,9,11,11,11,11,11,11,11,11,11,11,11,11,11,11,11,11,11,11,11,11,11,11,11,11,11,11,11,11,11,11,11,11,11,11,11,11,11,11,11,11,11,11,11,11,11,11,11,11,11,11,11,11,11,11,11,11,Bahamas
12,0,https://flagcdn.com/48x36/bh.png,0,0,0,0,0,0,0,0,0,0,0,0,0,0,0,0,0,0,0,0,0,0,0,0,0,0,0,0,0,0,0,0,0,0,0,0,0,0,0,0,0,0,0,0,0,0,0,0,0,0,0,0,0,1,1,1,1,1,1,2,2,3,4,4,4,4,4,4,4,4,4,4,4,4,4,5,5,5,6,6,6,6,7,7,7,7,7,7,7,7,7,8,8,8,8,8,8,8,8,8,8,8,8,8,8,8,8,8,8,8,9,10,10,12,12,12,12,12,12,12,12,13,14,14,14,15,15,15,17,19,19,19,20,21,22,24,26,27,29,31,34,36,37,42,46,47,49,Bahrain
13,0,https://flagcdn.com/48x36/bd.png,0,0,0,0,0,0,0,0,0,0,0,0,0,0,0,0,0,0,0,0,0,0,0,0,0,0,0,0,0,0,0,0,0,0,0,0,0,0,0,0,0,0,0,0,0,0,0,0,0,0,0,0,0,0,0,1,1,1,2,2,3,4,5,5,5,5,5,5,5,6,6,6,8,9,12,17,20,21,27,30,34,39,46,50,60,75,84,91,101,110,120,127,131,140,145,152,155,163,168,170,175,177,182,183,186,199,206,214,228,239,250,269,283,298,314,328,349,370,386,408,432,452,480,501,522,544,559,582,610,650,672,709,746,781,811,846,888,930,975,1012,1049,1095,1139,1171,1209,1262,1305,Bangladesh
14,0,https://flagcdn.com/48x36/bb.png,0,0,0,0,0,0,0,0,0,0,0,0,0,0,0,0,0,0,0,0,0,0,0,0,0,0,0,0,0,0,0,0,0,0,0,0,0,0,0,0,0,0,0,0,0,0,0,0,0,0,0,0,0,0,0,0,0,0,0,0,0,0,0,0,0,0,0,0,0,0,0,0,0,1,2,3,3,3,4,4,4,4,4,5,5,5,5,5,5,5,5,6,6,6,6,6,6,7,7,7,7,7,7,7,7,7,7,7,7,7,7,7,7,7,7,7,7,7,7,7,7,7,7,7,7,7,7,7,7,7,7,7,7,7,7,7,7,7,7,7,7,7,7,7,7,7,7,Barbados
15,0,https://flagcdn.com/48x36/by.png,0,0,0,0,0,0,0,0,0,0,0,0,0,0,0,0,0,0,0,0,0,0,0,0,0,0,0,0,0,0,0,0,0,0,0,0,0,0,0,0,0,0,0,0,0,0,0,0,0,0,0,0,0,0,0,0,0,0,0,0,0,0,0,0,0,0,0,0,1,2,4,4,5,8,13,13,13,16,19,23,26,29,33,36,40,42,45,47,51,55,58,60,63,67,72,75,79,84,89,93,97,99,103,107,112,116,121,126,131,135,142,146,151,156,160,165,171,175,179,185,190,194,199,204,208,214,219,224,229,235,240,243,248,253,259,263,269,276,282,288,293,298,303,308,312,318,324,Belarus
16,0,https://flagcdn.com/48x36/be.png,0,0,0,0,0,0,0,0,0,0,0,0,0,0,0,0,0,0,0,0,0,0,0,0,0,0,0,0,0,0,0,0,0,0,0,0,0,0,0,0,0,0,0,0,0,0,0,0,3,3,3,4,4,5,10,14,21,37,67,75,88,122,178,220,289,353,431,513,705,828,1011,1143,1283,1447,1632,2035,2240,2523,3019,3346,3600,3903,4157,4440,4857,5163,5453,5683,5828,5998,6262,6490,6679,6917,7094,7207,7331,7501,7594,7703,7765,7844,7924,8016,8339,8415,8521,8581,8656,8707,8761,8843,8903,8959,9005,9052,9080,9108,9150,9186,9212,9237,9280,9312,9334,9364,9388,9430,9453,9467,9486,9505,9522,9548,9566,9580,9595,9606,9619,9629,9636,9646,9650,9655,9661,9663,9675,Belgium
17,0,https://flagcdn.com/48x36/bz.png,0,0,0,0,0,0,0,0,0,0,0,0,0,0,0,0,0,0,0,0,0,0,0,0,0,0,0,0,0,0,0,0,0,0,0,0,0,0,0,0,0,0,0,0,0,0,0,0,0,0,0,0,0,0,0,0,0,0,0,0,0,0,0,0,0,0,0,0,0,0,0,0,0,0,1,1,1,1,2,2,2,2,2,2,2,2,2,2,2,2,2,2,2,2,2,2,2,2,2,2,2,2,2,2,2,2,2,2,2,2,2,2,2,2,2,2,2,2,2,2,2,2,2,2,2,2,2,2,2,2,2,2,2,2,2,2,2,2,2,2,2,2,2,2,2,2,2,Belize
18,0,https://flagcdn.com/48x36/bj.png,0,0,0,0,0,0,0,0,0,0,0,0,0,0,0,0,0,0,0,0,0,0,0,0,0,0,0,0,0,0,0,0,0,0,0,0,0,0,0,0,0,0,0,0,0,0,0,0,0,0,0,0,0,0,0,0,0,0,0,0,0,0,0,0,0,0,0,0,0,0,0,0,0,0,1,1,1,1,1,1,1,1,1,1,1,1,1,1,1,1,1,1,1,1,1,1,1,1,1,2,2,2,2,2,2,2,2,2,2,2,2,2,2,2,2,2,2,2,2,3,3,3,3,3,3,3,3,3,3,3,3,3,3,3,3,3,3,4,4,4,4,5,6,6,9,9,9,Benin
19,0,https://flagcdn.com/48x36/bt.png,0,0,0,0,0,0,0,0,0,0,0,0,0,0,0,0,0,0,0,0,0,0,0,0,0,0,0,0,0,0,0,0,0,0,0,0,0,0,0,0,0,0,0,0,0,0,0,0,0,0,0,0,0,0,0,0,0,0,0,0,0,0,0,0,0,0,0,0,0,0,0,0,0,0,0,0,0,0,0,0,0,0,0,0,0,0,0,0,0,0,0,0,0,0,0,0,0,0,0,0,0,0,0,0,0,0,0,0,0,0,0,0,0,0,0,0,0,0,0,0,0,0,0,0,0,0,0,0,0,0,0,0,0,0,0,0,0,0,0,0,0,0,0,0,0,0,0,Bhutan
20,0,https://flagcdn.com/48x36/bo.png,0,0,0,0,0,0,0,0,0,0,0,0,0,0,0,0,0,0,0,0,0,0,0,0,0,0,0,0,0,0,0,0,0,0,0,0,0,0,0,0,0,0,0,0,0,0,0,0,0,0,0,0,0,0,0,0,0,0,0,0,0,0,0,0,0,0,1,4,6,7,8,9,10,10,11,14,15,18,19,20,24,27,28,28,29,31,31,32,33,34,37,43,44,46,50,53,53,59,59,66,66,76,82,86,91,102,106,114,118,122,128,142,152,164,165,169,174,189,199,215,230,240,250,261,274,280,293,300,310,313,343,376,400,415,427,454,465,475,487,512,533,559,585,611,632,659,679,Bolivia
21,0,https://flagcdn.com/48x36/ba.png,0,0,0,0,0,0,0,0,0,0,0,0,0,0,0,0,0,0,0,0,0,0,0,0,0,0,0,0,0,0,0,0,0,0,0,0,0,0,0,0,0,0,0,0,0,0,0,0,0,0,0,0,0,0,0,0,0,0,1,1,1,3,3,3,4,5,6,10,13,13,16,17,21,23,29,33,34,35,36,37,39,39,40,41,43,46,47,48,49,51,53,54,55,57,59,60,63,65,69,70,72,77,78,79,86,90,98,102,107,113,117,120,122,128,129,133,133,134,136,140,141,141,144,146,149,151,153,153,153,153,154,157,157,159,159,159,159,160,160,161,161,163,163,163,165,168,168,Bosnia and Herzegovina
22,0,https://flagcdn.com/48x36/bw.png,0,0,0,0,0,0,0,0,0,0,0,0,0,0,0,0,0,0,0,0,0,0,0,0,0,0,0,0,0,0,0,0,0,0,0,0,0,0,0,0,0,0,0,0,0,0,0,0,0,0,0,0,0,0,0,0,0,0,0,0,0,0,0,0,0,0,0,0,1,1,1,1,1,1,1,1,1,1,1,1,1,1,1,1,1,1,1,1,1,1,1,1,1,1,1,1,1,1,1,1,1,1,1,1,1,1,1,1,1,1,1,1,1,1,1,1,1,1,1,1,1,1,1,1,1,1,1,1,1,1,1,1,1,1,1,1,1,1,1,1,1,1,1,1,1,1,1,Botswana
23,0,https://flagcdn.com/48x36/br.png,0,0,0,0,0,0,0,0,0,0,0,0,0,0,0,0,0,0,0,0,0,0,0,0,0,0,0,0,0,0,0,0,0,0,0,0,0,0,0,0,0,0,0,0,0,0,0,0,0,0,0,0,0,0,1,3,6,11,15,25,34,46,59,77,92,111,136,159,201,240,324,359,445,486,564,686,819,950,1057,1124,1223,1328,1532,1736,1924,2141,2354,2462,2587,2741,2906,3331,3704,4057,4286,4603,5083,5513,6006,6412,6761,7051,7367,7938,8588,9190,10017,10656,11123,11653,12461,13240,13999,14962,15662,16118,16853,17983,18859,20047,21048,22013,22666,23473,24512,25598,26754,27878,28834,29314,29937,31199,32548,34021,35026,35930,36455,37134,38406,39680,40919,41828,42720,43332,43959,45241,46510,Brazil
24,0,https://flagcdn.com/48x36/bn.png,0,0,0,0,0,0,0,0,0,0,0,0,0,0,0,0,0,0,0,0,0,0,0,0,0,0,0,0,0,0,0,0,0,0,0,0,0,0,0,0,0,0,0,0,0,0,0,0,0,0,0,0,0,0,0,0,0,0,0,0,0,0,0,0,0,1,1,1,1,1,1,1,1,1,1,1,1,1,1,1,1,1,1,1,1,1,1,1,1,1,1,1,1,1,1,1,1,1,1,1,1,1,1,1,1,1,1,1,1,1,1,1,1,1,1,1,1,1,1,1,1,1,1,1,1,2,2,2,2,2,2,2,2,2,2,2,2,2,2,2,2,2,2,2,2,3,3,Brunei
25,0,https://flagcdn.com/48x36/bg.png,0,0,0,0,0,0,0,0,0,0,0,0,0,0,0,0,0,0,0,0,0,0,0,0,0,0,0,0,0,0,0,0,0,0,0,0,0,0,0,0,0,0,0,0,0,0,0,0,1,1,1,2,2,2,2,2,3,3,3,3,3,3,3,3,3,7,8,8,8,10,10,14,17,20,22,23,24,24,25,28,29,32,35,36,38,41,41,42,43,45,49,52,54,55,56,58,58,64,66,68,72,73,78,80,84,84,86,90,91,93,95,96,99,102,105,108,110,112,116,120,125,126,130,130,130,133,134,136,139,140,140,144,146,147,159,160,160,164,167,167,168,172,172,174,176,181,184,Bulgaria
26,0,https://flagcdn.com/48x36/bf.png,0,0,0,0,0,0,0,0,0,0,0,0,0,0,0,0,0,0,0,0,0,0,0,0,0,0,0,0,0,0,0,0,0,0,0,0,0,0,0,0,0,0,0,0,0,0,0,0,0,0,0,0,0,0,0,1,1,1,2,4,4,4,4,7,9,11,12,12,14,16,16,16,16,17,18,19,23,24,24,27,27,27,30,32,32,35,36,36,38,38,39,41,41,41,42,42,42,43,43,44,44,45,46,48,48,48,48,48,49,50,51,51,51,51,51,51,51,51,52,52,52,52,52,52,52,53,53,53,53,53,53,53,53,53,53,53,53,53,53,53,53,53,53,53,53,53,53,Burkina Faso
27,0,https://flagcdn.com/48x36/mm.png,0,0,0,0,0,0,0,0,0,0,0,0,0,0,0,0,0,0,0,0,0,0,0,0,0,0,0,0,0,0,0,0,0,0,0,0,0,0,0,0,0,0,0,0,0,0,0,0,0,0,0,0,0,0,0,0,0,0,0,0,0,0,0,0,0,0,0,0,1,1,1,1,1,1,1,1,3,3,3,3,4,4,4,4,4,4,5,5,5,5,5,5,5,5,5,5,5,6,6,6,6,6,6,6,6,6,6,6,6,6,6,6,6,6,6,6,6,6,6,6,6,6,6,6,6,6,6,6,6,6,6,6,6,6,6,6,6,6,6,6,6,6,6,6,6,6,6,Burma
28,0,https://flagcdn.com/48x36/bi.png,0,0,0,0,0,0,0,0,0,0,0,0,0,0,0,0,0,0,0,0,0,0,0,0,0,0,0,0,0,0,0,0,0,0,0,0,0,0,0,0,0,0,0,0,0,0,0,0,0,0,0,0,0,0,0,0,0,0,0,0,0,0,0,0,0,0,0,0,0,0,0,0,0,0,0,0,0,0,0,0,0,1,1,1,1,1,1,1,1,1,1,1,1,1,1,1,1,1,1,1,1,1,1,1,1,1,1,1,1,1,1,1,1,1,1,1,1,1,1,1,1,1,1,1,1,1,1,1,1,1,1,1,1,1,1,1,1,1,1,1,1,1,1,1,1,1,1,Burundi
29,0,https://flagcdn.com/48x36/cv.png,0,0,0,0,0,0,0,0,0,0,0,0,0,0,0,0,0,0,0,0,0,0,0,0,0,0,0,0,0,0,0,0,0,0,0,0,0,0,0,0,0,0,0,0,0,0,0,0,0,0,0,0,0,0,0,0,0,0,0,0,0,1,1,1,1,1,1,1,1,1,1,1,1,1,1,1,1,1,1,1,1,1,1,1,1,1,1,1,1,1,1,1,1,1,1,1,1,1,1,1,2,2,2,2,2,2,2,2,2,2,2,2,2,2,3,3,3,3,3,3,3,3,3,3,4,4,4,4,4,4,4,5,5,5,5,5,5,5,5,5,6,6,6,6,7,7,7,Cabo Verde
30,0,https://flagcdn.com/48x36/kh.png,0,0,0,0,0,0,0,0,0,0,0,0,0,0,0,0,0,0,0,0,0,0,0,0,0,0,0,0,0,0,0,0,0,0,0,0,0,0,0,0,0,0,0,0,0,0,0,0,0,0,0,0,0,0,0,0,0,0,0,0,0,0,0,0,0,0,0,0,0,0,0,0,0,0,0,0,0,0,0,0,0,0,0,0,0,0,0,0,0,0,0,0,0,0,0,0,0,0,0,0,0,0,0,0,0,0,0,0,0,0,0,0,0,0,0,0,0,0,0,0,0,0,0,0,0,0,0,0,0,0,0,0,0,0,0,0,0,0,0,0,0,0,0,0,0,0,0,Cambodia
31,0,https://flagcdn.com/48x36/cm.png,0,0,0,0,0,0,0,0,0,0,0,0,0,0,0,0,0,0,0,0,0,0,0,0,0,0,0,0,0,0,0,0,0,0,0,0,0,0,0,0,0,0,0,0,0,0,0,0,0,0,0,0,0,0,0,0,0,0,0,0,0,0,1,1,2,2,6,6,6,6,7,8,9,9,9,9,10,10,12,12,12,12,14,17,22,22,22,42,42,43,43,43,43,53,56,58,58,61,61,61,64,64,64,64,108,108,108,108,114,125,125,136,139,140,140,140,140,140,146,156,159,159,165,165,175,175,175,177,191,191,199,200,200,203,205,212,212,212,212,212,212,212,212,212,276,276,276,Cameroon
32,0,https://flagcdn.com/48x36/ca.png,0,0,0,0,0,0,0,0,0,0,0,0,0,0,0,0,0,0,0,0,0,0,0,0,0,0,0,0,0,0,0,0,0,0,0,0,0,0,0,0,0,0,0,0,0,0,1,1,1,1,1,1,1,4,5,8,9,12,19,21,25,26,30,38,54,61,64,80,101,109,139,179,218,259,339,375,407,503,557,654,713,780,900,1007,1258,1355,1400,1564,1726,1909,2077,2241,2386,2549,2663,2841,2983,3155,3310,3537,3684,3795,4003,4190,4366,4541,4697,4823,4991,5115,5300,5425,5592,5679,5800,5903,5960,6028,6150,6267,6360,6466,6534,6655,6753,6876,6982,7063,7159,7374,7404,7477,7579,7717,7778,7850,7877,7910,7970,8038,8071,8125,8183,8218,8228,8271,8312,Canada
33,0,https://flagcdn.com/48x36/cf.png,0,0,0,0,0,0,0,0,0,0,0,0,0,0,0,0,0,0,0,0,0,0,0,0,0,0,0,0,0,0,0,0,0,0,0,0,0,0,0,0,0,0,0,0,0,0,0,0,0,0,0,0,0,0,0,0,0,0,0,0,0,0,0,0,0,0,0,0,0,0,0,0,0,0,0,0,0,0,0,0,0,0,0,0,0,0,0,0,0,0,0,0,0,0,0,0,0,0,0,0,0,0,0,0,0,0,0,0,0,0,0,0,0,0,0,0,0,0,0,0,0,1,1,1,1,1,1,1,1,2,4,4,4,4,4,5,5,5,5,5,5,7,7,7,7,14,18,Central African Republic
34,0,https://flagcdn.com/48x36/td.png,0,0,0,0,0,0,0,0,0,0,0,0,0,0,0,0,0,0,0,0,0,0,0,0,0,0,0,0,0,0,0,0,0,0,0,0,0,0,0,0,0,0,0,0,0,0,0,0,0,0,0,0,0,0,0,0,0,0,0,0,0,0,0,0,0,0,0,0,0,0,0,0,0,0,0,0,0,0,0,0,0,0,0,0,0,0,0,0,0,0,0,0,0,0,0,0,2,2,5,5,10,10,10,17,17,27,28,31,31,31,40,42,46,48,50,53,53,56,57,58,58,60,60,61,62,64,65,65,65,65,66,66,66,66,68,69,69,70,71,72,72,72,72,73,73,74,74,Chad
35,0,https://flagcdn.com/48x36/cl.png,0,0,0,0,0,0,0,0,0,0,0,0,0,0,0,0,0,0,0,0,0,0,0,0,0,0,0,0,0,0,0,0,0,0,0,0,0,0,0,0,0,0,0,0,0,0,0,0,0,0,0,0,0,0,0,0,0,0,0,1,2,2,3,4,5,6,7,8,12,16,18,22,27,34,37,43,48,57,65,73,80,82,92,94,105,116,126,133,139,147,160,168,174,181,189,198,207,216,227,234,247,260,270,275,281,285,294,304,312,323,335,346,368,394,421,450,478,509,544,589,630,673,718,761,806,841,890,944,997,1054,1113,1188,1275,1356,1448,1541,1637,2264,2283,2475,2648,2870,3101,3323,3362,3383,3615,Chile
36,17,https://flagcdn.com/48x36/cn.png,18,26,42,56,82,131,133,171,213,259,361,425,491,563,633,718,805,905,1012,1112,1117,1369,1521,1663,1766,1864,2003,2116,2238,2238,2443,2445,2595,2665,2717,2746,2790,2837,2872,2914,2947,2983,3015,3044,3072,3100,3123,3139,3161,3172,3180,3193,3203,3217,3230,3241,3249,3253,3259,3265,3274,3281,3285,3291,3296,3299,3304,3308,3309,3316,3322,3326,3330,3333,3335,3335,3337,3339,3340,3343,3343,3345,3345,3346,3346,4636,4636,4636,4636,4636,4636,4636,4636,4636,4637,4637,4637,4637,4637,4637,4637,4637,4637,4637,4637,4637,4637,4637,4637,4637,4637,4637,4637,4637,4638,4638,4638,4638,4638,4638,4638,4638,4638,4638,4638,4638,4638,4638,4638,4638,4638,4638,4638,4638,4638,4638,4638,4638,4638,4638,4638,4638,4638,4638,4638,4638,4638,China
37,0,https://flagcdn.com/48x36/co.png,0,0,0,0,0,0,0,0,0,0,0,0,0,0,0,0,0,0,0,0,0,0,0,0,0,0,0,0,0,0,0,0,0,0,0,0,0,0,0,0,0,0,0,0,0,0,0,0,0,0,0,0,0,0,0,0,0,0,0,2,3,3,4,6,6,6,10,12,16,17,19,25,32,35,46,50,54,69,80,100,109,112,127,131,144,153,153,179,189,196,206,215,225,233,244,253,269,278,293,314,324,340,358,378,397,407,428,445,463,479,493,509,525,546,562,574,592,613,630,652,682,705,727,750,776,803,833,855,891,916,963,1014,1057,1099,1204,1204,1265,1373,1373,1439,1505,1562,1623,1670,1808,1808,1887,Colombia
39,0,https://flagcdn.com/48x36/cg.png,0,0,0,0,0,0,0,0,0,0,0,0,0,0,0,0,0,0,0,0,0,0,0,0,0,0,0,0,0,0,0,0,0,0,0,0,0,0,0,0,0,0,0,0,0,0,0,0,0,0,0,0,0,0,0,0,0,0,0,0,0,0,0,0,0,0,0,0,0,0,2,2,2,5,5,5,5,5,5,5,5,5,5,5,5,6,6,6,6,6,6,6,6,6,6,6,8,8,9,9,9,9,10,10,10,10,10,10,10,11,11,11,15,15,15,15,15,15,15,16,16,16,16,16,16,19,19,19,19,20,20,20,20,20,20,22,22,22,24,24,24,24,24,24,27,27,27,Congo (Brazzaville)
40,0,https://flagcdn.com/48x36/cd.png,0,0,0,0,0,0,0,0,0,0,0,0,0,0,0,0,0,0,0,0,0,0,0,0,0,0,0,0,0,0,0,0,0,0,0,0,0,0,0,0,0,0,0,0,0,0,0,0,0,0,0,0,0,0,0,0,0,0,1,1,1,2,2,3,3,6,6,8,8,9,13,13,18,18,18,18,18,18,20,20,20,20,20,21,22,23,25,25,25,25,25,25,25,28,28,28,30,30,31,32,33,33,34,34,35,36,39,39,41,41,44,50,50,50,61,61,61,61,61,61,63,63,63,67,68,68,69,69,69,72,72,72,75,78,81,82,85,88,90,96,98,101,106,107,112,112,115,Congo (Kinshasa)
41,0,https://flagcdn.com/48x36/cr.png,0,0,0,0,0,0,0,0,0,0,0,0,0,0,0,0,0,0,0,0,0,0,0,0,0,0,0,0,0,0,0,0,0,0,0,0,0,0,0,0,0,0,0,0,0,0,0,0,0,0,0,0,0,0,0,0,1,1,2,2,2,2,2,2,2,2,2,2,2,2,2,2,2,2,2,2,3,3,3,3,3,3,3,4,4,4,4,5,6,6,6,6,6,6,6,6,6,6,6,6,6,6,6,6,6,6,6,6,7,7,7,8,8,9,10,10,10,10,10,10,10,10,10,10,10,10,10,10,10,10,10,10,10,10,10,10,10,11,11,12,12,12,12,12,12,12,12,Costa Rica
42,0,https://flagcdn.com/48x36/ci.png,0,0,0,0,0,0,0,0,0,0,0,0,0,0,0,0,0,0,0,0,0,0,0,0,0,0,0,0,0,0,0,0,0,0,0,0,0,0,0,0,0,0,0,0,0,0,0,0,0,0,0,0,0,0,0,0,0,0,0,0,0,0,0,0,0,0,1,1,1,1,1,1,1,3,3,3,3,3,3,4,5,6,6,6,6,6,8,9,9,13,14,14,14,14,14,14,14,14,14,15,15,17,17,18,18,20,20,21,21,21,21,24,24,24,25,27,28,28,29,29,29,30,30,30,30,31,32,32,33,33,33,33,35,35,36,36,36,38,38,41,41,45,45,45,46,46,48,Cote d'Ivoire
43,0,https://flagcdn.com/48x36/hr.png,0,0,0,0,0,0,0,0,0,0,0,0,0,0,0,0,0,0,0,0,0,0,0,0,0,0,0,0,0,0,0,0,0,0,0,0,0,0,0,0,0,0,0,0,0,0,0,0,0,0,0,0,0,0,0,0,1,1,1,1,1,1,1,3,3,5,6,6,6,6,7,8,12,15,16,18,19,20,21,21,23,25,31,33,35,36,39,47,47,48,48,50,51,54,55,59,63,67,69,75,77,79,80,83,85,86,86,87,90,91,91,94,94,95,95,95,95,96,96,97,99,99,99,100,101,101,102,103,103,103,103,103,103,103,103,104,104,104,106,106,106,107,107,107,107,107,107,Croatia
45,0,https://flagcdn.com/48x36/cu.png,0,0,0,0,0,0,0,0,0,0,0,0,0,0,0,0,0,0,0,0,0,0,0,0,0,0,0,0,0,0,0,0,0,0,0,0,0,0,0,0,0,0,0,0,0,0,0,0,0,0,0,0,0,0,0,1,1,1,1,1,1,1,1,2,2,3,3,4,6,6,6,6,6,8,9,11,12,15,15,16,18,21,21,24,27,31,32,34,36,38,40,43,49,51,54,56,58,58,61,64,66,67,69,69,69,73,74,74,77,77,78,79,79,79,79,79,79,79,79,80,81,81,82,82,82,82,82,82,83,83,83,83,83,83,83,83,83,83,83,83,84,84,84,84,84,84,84,Cuba
46,0,https://flagcdn.com/48x36/cy.png,0,0,0,0,0,0,0,0,0,0,0,0,0,0,0,0,0,0,0,0,0,0,0,0,0,0,0,0,0,0,0,0,0,0,0,0,0,0,0,0,0,0,0,0,0,0,0,0,0,0,0,0,0,0,0,0,0,0,0,1,1,3,3,3,5,5,5,7,8,9,10,11,11,9,9,9,9,10,10,10,11,12,12,12,12,12,12,12,12,12,13,13,14,14,14,15,15,15,15,15,15,15,15,15,15,15,15,15,16,16,16,17,17,17,17,17,17,17,17,17,17,17,17,17,17,17,17,17,17,17,17,17,17,17,17,18,18,18,18,18,18,18,18,18,18,18,18,Cyprus
47,0,https://flagcdn.com/48x36/cz.png,0,0,0,0,0,0,0,0,0,0,0,0,0,0,0,0,0,0,0,0,0,0,0,0,0,0,0,0,0,0,0,0,0,0,0,0,0,0,0,0,0,0,0,0,0,0,0,0,0,0,0,0,0,0,0,0,0,0,0,1,1,3,6,9,9,11,16,23,31,39,44,53,59,67,78,88,99,112,119,129,138,143,161,166,169,173,181,186,194,201,208,210,214,218,220,223,227,227,236,240,245,248,252,257,262,270,273,276,280,282,283,290,293,295,296,298,297,302,304,306,312,314,315,317,317,317,319,319,319,320,321,323,325,326,327,327,327,328,328,330,328,329,328,329,330,331,333,Czechia
48,0,https://flagcdn.com/48x36/gl.png,0,0,0,0,0,0,0,0,0,0,0,0,0,0,0,0,0,0,0,0,0,0,0,0,0,0,0,0,0,0,0,0,0,0,0,0,0,0,0,0,0,0,0,0,0,0,0,0,0,0,0,1,2,3,4,4,6,9,13,13,24,32,34,41,52,65,72,77,90,104,123,139,161,179,187,203,218,237,247,260,273,285,299,309,321,336,346,355,364,370,384,394,403,418,422,427,434,443,452,460,475,484,493,503,506,514,522,526,529,533,527,533,537,537,543,547,548,551,554,561,561,561,562,563,563,565,568,568,571,574,576,580,580,582,586,587,589,593,593,593,593,594,597,597,598,598,598,Denmark
50,0,https://flagcdn.com/48x36/dj.png,0,0,0,0,0,0,0,0,0,0,0,0,0,0,0,0,0,0,0,0,0,0,0,0,0,0,0,0,0,0,0,0,0,0,0,0,0,0,0,0,0,0,0,0,0,0,0,0,0,0,0,0,0,0,0,0,0,0,0,0,0,0,0,0,0,0,0,0,0,0,0,0,0,0,0,0,0,0,1,2,2,2,2,2,2,2,2,2,2,2,2,2,2,2,2,2,2,2,2,2,2,2,2,2,3,3,3,3,3,3,3,3,3,4,4,4,7,7,9,10,10,10,10,14,14,18,20,20,22,24,24,25,26,26,26,26,28,31,34,34,37,38,41,43,43,43,43,Djibouti
51,0,https://flagcdn.com/48x36/dm.png,0,0,0,0,0,0,0,0,0,0,0,0,0,0,0,0,0,0,0,0,0,0,0,0,0,0,0,0,0,0,0,0,0,0,0,0,0,0,0,0,0,0,0,0,0,0,0,0,0,0,0,0,0,0,0,0,0,0,0,0,0,0,0,0,0,0,0,0,0,0,0,0,0,0,0,0,0,0,0,0,0,0,0,0,0,0,0,0,0,0,0,0,0,0,0,0,0,0,0,0,0,0,0,0,0,0,0,0,0,0,0,0,0,0,0,0,0,0,0,0,0,0,0,0,0,0,0,0,0,0,0,0,0,0,0,0,0,0,0,0,0,0,0,0,0,0,0,Dominica
52,0,https://flagcdn.com/48x36/do.png,0,0,0,0,0,0,0,0,0,0,0,0,0,0,0,0,0,0,0,0,0,0,0,0,0,0,0,0,0,0,0,0,0,0,0,0,0,0,0,0,0,0,0,0,0,0,0,0,0,0,0,0,0,0,1,1,2,2,2,3,3,6,10,10,20,28,39,42,51,57,60,68,68,82,86,98,108,118,126,135,173,177,183,189,196,200,217,226,235,245,260,265,267,273,278,282,286,293,301,313,326,333,346,354,362,373,380,385,388,393,402,409,422,424,428,428,434,441,446,448,456,458,458,460,468,474,485,488,498,502,502,515,516,520,525,536,538,539,544,550,561,568,577,592,605,615,633,Dominican Republic
53,0,https://flagcdn.com/48x36/ec.png,0,0,0,0,0,0,0,0,0,0,0,0,0,0,0,0,0,0,0,0,0,0,0,0,0,0,0,0,0,0,0,0,0,0,0,0,0,0,0,0,0,0,0,0,0,0,0,0,0,0,0,2,2,2,2,2,3,5,7,14,18,27,28,34,36,48,58,60,75,93,120,145,172,180,191,191,242,272,297,315,333,355,369,388,403,421,456,474,507,520,537,560,576,576,576,663,871,883,900,1063,1371,1564,1569,1569,1618,1654,1704,1717,2127,2145,2327,2334,2338,2594,2688,2736,2799,2839,2888,2939,3056,3096,3108,3203,3203,3275,3313,3334,3334,3358,3358,3438,3486,3486,3534,3608,3621,3642,3690,3720,3720,3828,3874,3896,3929,3970,4007,Ecuador
54,0,https://flagcdn.com/48x36/eg.png,0,0,0,0,0,0,0,0,0,0,0,0,0,0,0,0,0,0,0,0,0,0,0,0,0,0,0,0,0,0,0,0,0,0,0,0,0,0,0,0,0,0,0,0,0,1,1,1,1,1,2,2,2,2,4,6,6,8,10,14,19,20,21,24,30,36,40,41,46,52,58,66,71,78,85,94,103,118,135,146,159,164,178,183,196,205,224,239,250,264,276,287,294,307,317,337,359,380,392,406,415,429,436,452,469,482,503,514,525,533,544,556,571,592,612,630,645,659,680,696,707,735,764,783,797,816,845,879,913,959,1005,1052,1088,1126,1166,1198,1237,1271,1306,1342,1377,1422,1484,1575,1672,1766,1850,Egypt
55,0,https://flagcdn.com/48x36/sv.png,0,0,0,0,0,0,0,0,0,0,0,0,0,0,0,0,0,0,0,0,0,0,0,0,0,0,0,0,0,0,0,0,0,0,0,0,0,0,0,0,0,0,0,0,0,0,0,0,0,0,0,0,0,0,0,0,0,0,0,0,0,0,0,0,0,0,0,0,1,1,2,2,3,3,4,4,5,6,6,6,6,6,6,6,6,7,7,7,7,7,7,8,8,8,8,8,8,9,10,10,11,11,13,14,15,15,16,17,17,18,20,20,23,25,26,30,30,30,31,33,33,33,35,35,36,39,39,42,46,46,46,49,51,52,53,53,53,56,60,64,68,68,72,74,74,76,79,El Salvador
56,0,https://flagcdn.com/48x36/gq.png,0,0,0,0,0,0,0,0,0,0,0,0,0,0,0,0,0,0,0,0,0,0,0,0,0,0,0,0,0,0,0,0,0,0,0,0,0,0,0,0,0,0,0,0,0,0,0,0,0,0,0,0,0,0,0,0,0,0,0,0,0,0,0,0,0,0,0,0,0,0,0,0,0,0,0,0,0,0,0,0,0,0,0,0,0,0,0,0,0,0,1,1,1,1,1,1,1,1,1,1,1,1,3,3,4,4,4,4,4,4,4,6,7,7,7,7,7,7,7,10,11,11,11,12,12,12,12,12,12,12,12,12,12,12,12,12,12,12,12,12,12,12,12,12,12,32,32,Equatorial Guinea
57,0,https://flagcdn.com/48x36/er.png,0,0,0,0,0,0,0,0,0,0,0,0,0,0,0,0,0,0,0,0,0,0,0,0,0,0,0,0,0,0,0,0,0,0,0,0,0,0,0,0,0,0,0,0,0,0,0,0,0,0,0,0,0,0,0,0,0,0,0,0,0,0,0,0,0,0,0,0,0,0,0,0,0,0,0,0,0,0,0,0,0,0,0,0,0,0,0,0,0,0,0,0,0,0,0,0,0,0,0,0,0,0,0,0,0,0,0,0,0,0,0,0,0,0,0,0,0,0,0,0,0,0,0,0,0,0,0,0,0,0,0,0,0,0,0,0,0,0,0,0,0,0,0,0,0,0,0,Eritrea
58,0,https://flagcdn.com/48x36/ee.png,0,0,0,0,0,0,0,0,0,0,0,0,0,0,0,0,0,0,0,0,0,0,0,0,0,0,0,0,0,0,0,0,0,0,0,0,0,0,0,0,0,0,0,0,0,0,0,0,0,0,0,0,0,0,0,0,0,0,0,0,0,0,1,1,1,1,3,3,4,5,11,12,13,15,19,21,24,24,24,24,25,28,31,35,36,38,38,40,40,43,44,45,46,46,49,50,50,50,52,52,53,55,55,55,55,56,56,60,60,61,61,61,62,63,63,63,64,64,64,64,64,64,64,65,65,66,66,67,67,68,68,68,69,69,69,69,69,69,69,69,69,69,69,69,69,69,69,Estonia
59,0,https://flagcdn.com/48x36/sz.png,0,0,0,0,0,0,0,0,0,0,0,0,0,0,0,0,0,0,0,0,0,0,0,0,0,0,0,0,0,0,0,0,0,0,0,0,0,0,0,0,0,0,0,0,0,0,0,0,0,0,0,0,0,0,0,0,0,0,0,0,0,0,0,0,0,0,0,0,0,0,0,0,0,0,0,0,0,0,0,0,0,0,0,0,1,1,1,1,1,1,1,1,1,1,1,1,1,1,1,1,1,1,1,1,2,2,2,2,2,2,2,2,2,2,2,2,2,2,2,2,2,2,2,2,2,2,2,2,2,2,3,3,3,3,3,3,3,3,3,3,3,3,3,4,4,4,4,Eswatini
60,0,https://flagcdn.com/48x36/et.png,0,0,0,0,0,0,0,0,0,0,0,0,0,0,0,0,0,0,0,0,0,0,0,0,0,0,0,0,0,0,0,0,0,0,0,0,0,0,0,0,0,0,0,0,0,0,0,0,0,0,0,0,0,0,0,0,0,0,0,0,0,0,0,0,0,0,0,0,0,0,0,0,0,2,2,2,2,2,3,3,3,3,3,3,3,3,3,3,3,3,3,3,3,3,3,3,3,3,3,3,3,3,3,4,4,4,4,5,5,5,5,5,5,5,5,5,5,5,5,5,5,5,5,5,6,6,7,8,8,11,12,14,17,18,19,20,27,27,32,35,40,47,55,57,60,61,63,Ethiopia
61,0,https://flagcdn.com/48x36/fj.png,0,0,0,0,0,0,0,0,0,0,0,0,0,0,0,0,0,0,0,0,0,0,0,0,0,0,0,0,0,0,0,0,0,0,0,0,0,0,0,0,0,0,0,0,0,0,0,0,0,0,0,0,0,0,0,0,0,0,0,0,0,0,0,0,0,0,0,0,0,0,0,0,0,0,0,0,0,0,0,0,0,0,0,0,0,0,0,0,0,0,0,0,0,0,0,0,0,0,0,0,0,0,0,0,0,0,0,0,0,0,0,0,0,0,0,0,0,0,0,0,0,0,0,0,0,0,0,0,0,0,0,0,0,0,0,0,0,0,0,0,0,0,0,0,0,0,0,Fiji
62,0,https://flagcdn.com/48x36/fi.png,0,0,0,0,0,0,0,0,0,0,0,0,0,0,0,0,0,0,0,0,0,0,0,0,0,0,0,0,0,0,0,0,0,0,0,0,0,0,0,0,0,0,0,0,0,0,0,0,0,0,0,0,0,0,0,0,0,0,1,1,1,1,3,5,7,9,11,13,17,17,19,20,25,28,27,34,40,42,48,49,56,59,64,72,75,82,90,94,98,141,149,172,177,186,190,193,199,206,211,218,220,230,240,246,252,255,260,265,267,271,275,284,287,293,297,298,300,301,304,306,306,306,307,308,312,313,313,314,316,320,318,320,321,322,322,322,323,323,324,324,325,325,325,326,326,326,326,Finland
63,0,https://flagcdn.com/48x36/mf.png,0,0,0,0,0,0,0,0,0,0,0,0,0,0,0,0,0,0,0,0,0,0,0,1,1,1,1,1,1,1,1,1,1,1,2,2,2,2,2,3,4,4,6,9,11,19,19,33,48,48,79,91,91,149,149,149,244,451,563,676,862,1102,1333,1698,1997,2317,2611,3030,3532,4043,5398,6520,7574,8093,8926,10344,10888,12229,13216,13853,14414,14988,15750,17190,17943,18705,19347,19746,20294,20831,21376,21892,22282,22651,22893,23330,23697,24124,24413,24631,24766,24903,25207,25540,25815,25993,26236,26316,26386,26649,26997,27080,27431,27535,27535,28114,28245,28028,28138,28221,28221,28221,28374,28464,28537,28603,28669,28721,28778,28809,28840,28947,29028,29072,29118,29149,29162,29216,29303,29326,29353,29381,29406,29416,29445,29556,29584,France
64,0,https://flagcdn.com/48x36/ga.png,0,0,0,0,0,0,0,0,0,0,0,0,0,0,0,0,0,0,0,0,0,0,0,0,0,0,0,0,0,0,0,0,0,0,0,0,0,0,0,0,0,0,0,0,0,0,0,0,0,0,0,0,0,0,0,0,0,1,1,1,1,1,1,1,1,1,1,1,1,1,1,1,1,1,1,1,1,1,1,1,1,1,1,1,1,1,1,1,1,1,1,2,3,3,3,3,3,3,3,3,5,5,6,6,6,8,8,8,8,9,9,9,10,10,11,11,11,12,12,12,12,12,12,14,14,14,14,15,17,17,17,20,20,21,21,21,21,21,21,22,23,23,23,23,27,29,30,Gabon
65,0,https://flagcdn.com/48x36/gm.png,0,0,0,0,0,0,0,0,0,0,0,0,0,0,0,0,0,0,0,0,0,0,0,0,0,0,0,0,0,0,0,0,0,0,0,0,0,0,0,0,0,0,0,0,0,0,0,0,0,0,0,0,0,0,0,0,0,0,0,0,1,1,1,1,1,1,1,1,1,1,1,1,1,1,1,1,1,1,1,1,1,1,1,1,1,1,1,1,1,1,1,1,1,1,1,1,1,1,1,1,1,1,1,1,1,1,1,1,1,1,1,1,1,1,1,1,1,1,1,1,1,1,1,1,1,1,1,1,1,1,1,1,1,1,1,1,1,1,1,1,1,1,1,1,1,1,1,Gambia
66,0,https://flagcdn.com/48x36/ge.png,0,0,0,0,0,0,0,0,0,0,0,0,0,0,0,0,0,0,0,0,0,0,0,0,0,0,0,0,0,0,0,0,0,0,0,0,0,0,0,0,0,0,0,0,0,0,0,0,0,0,0,0,0,0,0,0,0,0,0,0,0,0,0,0,0,0,0,0,0,0,0,0,1,2,2,3,3,3,3,3,3,3,3,3,3,3,4,4,4,4,5,5,5,5,6,6,6,6,6,7,8,9,9,9,9,9,10,10,10,11,11,11,12,12,12,12,12,12,12,12,12,12,12,12,12,12,12,12,12,12,12,13,13,13,13,13,13,13,13,13,13,13,14,14,14,14,14,Georgia
67,0,https://flagcdn.com/48x36/de.png,0,0,0,0,0,0,0,0,0,0,0,0,0,0,0,0,0,0,0,0,0,0,0,0,0,0,0,0,0,0,0,0,0,0,0,0,0,0,0,0,0,0,0,0,0,0,2,2,3,3,7,9,11,17,24,28,44,67,84,94,123,157,206,267,342,433,533,645,775,920,1107,1275,1444,1584,1810,2016,2349,2607,2767,2736,3022,3194,3294,3804,4052,4352,4459,4586,4862,5033,5279,5575,5760,5877,5976,6126,6314,6467,6623,6736,6812,6866,6993,6993,7275,7392,7510,7549,7569,7661,7738,7861,7884,7897,7938,7962,8003,8081,8144,8203,8228,8261,8283,8309,8372,8428,8470,8504,8530,8540,8555,8563,8602,8635,8658,8673,8685,8695,8736,8752,8772,8783,8793,8801,8807,8820,8851,Germany
68,0,https://flagcdn.com/48x36/gh.png,0,0,0,0,0,0,0,0,0,0,0,0,0,0,0,0,0,0,0,0,0,0,0,0,0,0,0,0,0,0,0,0,0,0,0,0,0,0,0,0,0,0,0,0,0,0,0,0,0,0,0,0,0,0,0,0,0,0,1,1,2,2,4,4,4,5,5,5,5,5,5,5,5,5,5,5,6,6,6,8,8,8,8,8,8,8,9,9,9,9,9,9,10,10,11,11,16,16,17,17,18,18,18,18,18,18,18,22,22,22,22,24,24,28,29,29,29,31,31,31,31,31,32,32,34,34,34,34,35,36,36,38,38,38,42,44,44,48,48,48,48,48,48,54,54,58,66,Ghana
69,0,https://flagcdn.com/48x36/gr.png,0,0,0,0,0,0,0,0,0,0,0,0,0,0,0,0,0,0,0,0,0,0,0,0,0,0,0,0,0,0,0,0,0,0,0,0,0,0,0,0,0,0,0,0,0,0,0,0,1,1,1,3,4,4,5,5,6,6,13,15,17,20,22,26,28,32,38,43,49,50,53,63,68,73,79,81,83,87,92,93,98,99,101,102,105,108,110,113,116,121,121,125,130,130,134,136,138,139,140,140,143,144,146,146,147,148,150,151,151,151,152,155,156,160,162,163,165,165,166,168,169,171,171,172,173,173,175,175,175,175,179,179,179,180,180,180,180,182,183,183,183,183,183,183,184,185,187,Greece
70,0,https://flagcdn.com/48x36/gd.png,0,0,0,0,0,0,0,0,0,0,0,0,0,0,0,0,0,0,0,0,0,0,0,0,0,0,0,0,0,0,0,0,0,0,0,0,0,0,0,0,0,0,0,0,0,0,0,0,0,0,0,0,0,0,0,0,0,0,0,0,0,0,0,0,0,0,0,0,0,0,0,0,0,0,0,0,0,0,0,0,0,0,0,0,0,0,0,0,0,0,0,0,0,0,0,0,0,0,0,0,0,0,0,0,0,0,0,0,0,0,0,0,0,0,0,0,0,0,0,0,0,0,0,0,0,0,0,0,0,0,0,0,0,0,0,0,0,0,0,0,0,0,0,0,0,0,0,Grenada
71,0,https://flagcdn.com/48x36/gt.png,0,0,0,0,0,0,0,0,0,0,0,0,0,0,0,0,0,0,0,0,0,0,0,0,0,0,0,0,0,0,0,0,0,0,0,0,0,0,0,0,0,0,0,0,0,0,0,0,0,0,0,0,0,1,1,1,1,1,1,1,1,1,1,1,1,1,1,1,1,1,1,1,2,2,3,3,3,3,3,3,5,5,5,5,5,7,7,7,7,7,8,11,11,13,15,15,15,16,16,16,17,17,19,19,21,23,24,24,26,26,27,29,29,30,33,33,35,43,45,48,51,55,58,59,63,68,80,90,102,108,116,123,143,158,216,230,252,267,289,316,334,351,367,384,399,418,432,Guatemala
72,0,https://flagcdn.com/48x36/gn.png,0,0,0,0,0,0,0,0,0,0,0,0,0,0,0,0,0,0,0,0,0,0,0,0,0,0,0,0,0,0,0,0,0,0,0,0,0,0,0,0,0,0,0,0,0,0,0,0,0,0,0,0,0,0,0,0,0,0,0,0,0,0,0,0,0,0,0,0,0,0,0,0,0,0,0,0,0,0,0,0,0,0,0,1,1,3,3,5,5,6,6,6,6,7,7,7,7,7,7,7,7,7,9,10,11,11,11,11,11,11,11,14,15,15,16,16,16,18,18,18,19,20,20,20,20,20,22,22,23,23,23,23,23,23,23,23,23,23,23,23,23,24,25,25,26,26,26,Guinea
73,0,https://flagcdn.com/48x36/gw.png,0,0,0,0,0,0,0,0,0,0,0,0,0,0,0,0,0,0,0,0,0,0,0,0,0,0,0,0,0,0,0,0,0,0,0,0,0,0,0,0,0,0,0,0,0,0,0,0,0,0,0,0,0,0,0,0,0,0,0,0,0,0,0,0,0,0,0,0,0,0,0,0,0,0,0,0,0,0,0,0,0,0,0,0,0,0,0,0,0,0,0,0,0,0,1,1,1,1,1,1,1,1,1,1,2,2,2,3,3,3,3,3,3,3,4,4,4,6,6,6,6,6,6,7,7,7,8,8,8,8,8,8,8,8,12,12,12,12,12,12,12,15,15,15,15,15,15,Guinea-Bissau
74,0,https://flagcdn.com/48x36/gy.png,0,0,0,0,0,0,0,0,0,0,0,0,0,0,0,0,0,0,0,0,0,0,0,0,0,0,0,0,0,0,0,0,0,0,0,0,0,0,0,0,0,0,0,0,0,0,0,0,0,1,1,1,1,1,1,1,1,1,1,1,1,1,1,1,1,1,1,1,2,2,4,4,4,4,4,5,6,6,6,6,6,6,6,6,6,6,6,7,7,7,7,7,7,7,8,8,8,8,9,9,9,9,9,10,10,10,10,10,10,10,10,10,10,10,10,10,10,10,10,10,10,10,10,11,11,11,11,11,12,12,12,12,12,12,12,12,12,12,12,12,12,12,12,12,12,12,12,Guyana
75,0,https://flagcdn.com/48x36/ht.png,0,0,0,0,0,0,0,0,0,0,0,0,0,0,0,0,0,0,0,0,0,0,0,0,0,0,0,0,0,0,0,0,0,0,0,0,0,0,0,0,0,0,0,0,0,0,0,0,0,0,0,0,0,0,0,0,0,0,0,0,0,0,0,0,0,0,0,0,0,0,0,0,0,1,1,1,1,2,2,2,3,3,3,3,3,3,3,3,3,3,4,5,6,6,6,6,6,6,8,8,8,9,11,12,12,12,12,12,15,16,18,18,20,20,20,20,21,21,22,25,25,26,26,27,33,34,34,35,41,44,45,45,48,50,50,50,51,54,56,58,64,64,70,70,76,80,82,Haiti
76,0,https://flagcdn.com/48x36/va.png,0,0,0,0,0,0,0,0,0,0,0,0,0,0,0,0,0,0,0,0,0,0,0,0,0,0,0,0,0,0,0,0,0,0,0,0,0,0,0,0,0,0,0,0,0,0,0,0,0,0,0,0,0,0,0,0,0,0,0,0,0,0,0,0,0,0,0,0,0,0,0,0,0,0,0,0,0,0,0,0,0,0,0,0,0,0,0,0,0,0,0,0,0,0,0,0,0,0,0,0,0,0,0,0,0,0,0,0,0,0,0,0,0,0,0,0,0,0,0,0,0,0,0,0,0,0,0,0,0,0,0,0,0,0,0,0,0,0,0,0,0,0,0,0,0,0,0,Holy See
77,0,https://flagcdn.com/48x36/hn.png,0,0,0,0,0,0,0,0,0,0,0,0,0,0,0,0,0,0,0,0,0,0,0,0,0,0,0,0,0,0,0,0,0,0,0,0,0,0,0,0,0,0,0,0,0,0,0,0,0,0,0,0,0,0,0,0,0,0,0,0,0,0,0,1,1,1,3,7,7,10,14,15,15,22,22,22,22,23,23,24,25,25,26,31,35,41,46,46,46,46,46,47,55,59,59,61,64,66,71,75,76,82,83,93,99,105,107,108,108,116,121,123,133,134,138,142,146,147,147,156,167,167,180,182,188,194,196,196,201,212,217,225,234,243,248,250,258,262,271,290,294,306,310,312,322,330,336,Honduras
78,0,https://flagcdn.com/48x36/hu.png,0,0,0,0,0,0,0,0,0,0,0,0,0,0,0,0,0,0,0,0,0,0,0,0,0,0,0,0,0,0,0,0,0,0,0,0,0,0,0,0,0,0,0,0,0,0,0,0,0,0,0,0,1,1,1,1,1,3,4,6,7,9,10,10,10,11,13,15,16,20,21,26,32,34,38,47,58,66,77,85,99,109,122,134,142,156,172,189,199,213,225,239,262,262,272,280,291,300,312,323,335,340,351,363,373,383,392,405,413,421,425,430,436,442,448,451,462,467,470,473,476,482,486,491,499,505,509,517,524,526,527,532,534,539,542,545,546,548,550,551,553,555,559,562,563,565,567,Hungary
79,0,https://flagcdn.com/48x36/is.png,0,0,0,0,0,0,0,0,0,0,0,0,0,0,0,0,0,0,0,0,0,0,0,0,0,0,0,0,0,0,0,0,0,0,0,0,0,0,0,0,0,0,0,0,0,0,0,0,0,0,0,0,5,0,1,1,1,0,1,1,1,2,2,2,2,2,2,2,2,2,4,4,4,4,6,6,6,6,7,8,8,8,8,8,8,9,9,9,10,10,10,10,10,10,10,10,10,10,10,10,10,10,10,10,10,10,10,10,10,10,10,10,10,10,10,10,10,10,10,10,10,10,10,10,10,10,10,10,10,10,10,10,10,10,10,10,10,10,10,10,10,10,10,10,10,10,10,Iceland
80,0,https://flagcdn.com/48x36/in.png,0,0,0,0,0,0,0,0,0,0,0,0,0,0,0,0,0,0,0,0,0,0,0,0,0,0,0,0,0,0,0,0,0,0,0,0,0,0,0,0,0,0,0,0,0,0,0,0,1,1,2,2,2,2,3,3,4,5,4,7,10,10,12,20,20,24,27,32,35,58,72,72,86,99,136,150,178,226,246,288,331,358,393,405,448,486,521,559,592,645,681,721,780,825,881,939,1008,1079,1154,1223,1323,1391,1566,1693,1785,1889,1985,2101,2212,2294,2415,2551,2649,2753,2871,3025,3156,3302,3434,3584,3726,3868,4024,4172,4344,4534,4711,4980,5185,5408,5608,5829,6088,6363,6649,6946,7207,7473,7750,7745,8498,8498,8884,9195,9900,11903,12237,India
81,0,https://flagcdn.com/48x36/id.png,0,0,0,0,0,0,0,0,0,0,0,0,0,0,0,0,0,0,0,0,0,0,0,0,0,0,0,0,0,0,0,0,0,0,0,0,0,0,0,0,0,0,0,0,0,0,0,0,1,1,4,5,5,5,5,19,25,32,38,48,49,55,58,78,87,102,114,122,136,157,170,181,191,198,209,221,240,280,306,327,373,399,459,469,496,520,535,582,590,616,635,647,689,720,743,765,773,784,792,800,831,845,864,872,895,930,943,959,973,991,1007,1028,1043,1076,1089,1148,1191,1221,1242,1278,1326,1351,1372,1391,1418,1473,1496,1520,1573,1613,1641,1663,1698,1721,1770,1801,1851,1883,1923,1959,2000,2048,2091,2134,2198,2231,2276,Indonesia
82,0,https://flagcdn.com/48x36/ir.png,0,0,0,0,0,0,0,0,0,0,0,0,0,0,0,0,0,0,0,0,0,0,0,0,0,0,0,2,2,4,5,8,12,16,19,26,34,43,54,66,77,92,107,124,145,194,237,291,354,429,514,611,724,853,988,1135,1284,1433,1556,1685,1812,1934,2077,2234,2378,2517,2640,2757,2898,3036,3160,3294,3452,3603,3739,3872,3993,4110,4232,4357,4474,4585,4683,4777,4869,4958,5031,5118,5209,5297,5391,5481,5574,5650,5710,5806,5877,5957,6028,6091,6156,6203,6277,6340,6418,6486,6541,6589,6640,6685,6733,6783,6854,6902,6937,6988,7057,7119,7183,7249,7300,7359,7417,7451,7508,7564,7627,7677,7734,7797,7878,7942,8012,8071,8134,8209,8281,8351,8425,8506,8584,8659,8730,8837,8950,9065,9185,Iran
83,0,https://flagcdn.com/48x36/iq.png,0,0,0,0,0,0,0,0,0,0,0,0,0,0,0,0,0,0,0,0,0,0,0,0,0,0,0,0,0,0,0,0,0,0,0,0,0,0,0,0,0,2,2,3,4,6,6,7,7,8,9,10,10,10,11,12,13,17,17,20,23,27,29,36,40,42,42,46,50,52,54,54,56,61,64,65,69,69,70,72,76,78,78,79,80,81,82,82,82,83,83,83,86,86,87,88,90,92,93,94,95,97,98,102,102,102,104,107,109,110,112,115,115,117,121,123,127,131,134,140,147,152,160,163,169,175,179,185,195,205,215,235,256,271,285,318,346,370,392,426,457,496,549,607,652,712,773,Iraq
84,0,https://flagcdn.com/48x36/ie.png,0,0,0,0,0,0,0,0,0,0,0,0,0,0,0,0,0,0,0,0,0,0,0,0,0,0,0,0,0,0,0,0,0,0,0,0,0,0,0,0,0,0,0,0,0,0,0,0,1,1,1,2,2,2,2,2,3,3,3,4,6,7,9,19,22,36,46,54,71,85,98,120,137,158,174,210,235,263,287,320,334,365,406,444,486,530,571,610,687,730,769,794,1014,1063,1087,1102,1159,1190,1232,1265,1286,1303,1319,1339,1375,1403,1429,1446,1458,1467,1488,1497,1506,1518,1533,1543,1547,1561,1571,1583,1592,1604,1608,1606,1615,1631,1639,1645,1651,1652,1650,1658,1659,1664,1670,1678,1679,1683,1691,1695,1703,1705,1705,1706,1706,1709,1710,Ireland
85,0,https://flagcdn.com/48x36/il.png,0,0,0,0,0,0,0,0,0,0,0,0,0,0,0,0,0,0,0,0,0,0,0,0,0,0,0,0,0,0,0,0,0,0,0,0,0,0,0,0,0,0,0,0,0,0,0,0,0,0,0,0,0,0,0,0,0,0,1,1,1,3,5,8,12,12,15,16,20,26,36,40,44,49,57,65,73,86,95,101,103,116,123,130,142,151,164,172,177,184,189,192,194,199,201,204,210,215,222,225,229,232,235,238,239,240,245,247,252,258,260,264,265,266,268,272,276,278,279,279,279,279,279,281,281,281,284,284,284,285,285,290,291,291,291,295,298,298,299,299,300,300,300,300,302,302,303,Israel
86,0,https://flagcdn.com/48x36/it.png,0,0,0,0,0,0,0,0,0,0,0,0,0,0,0,0,0,0,0,0,0,0,0,0,0,0,0,0,0,1,2,3,7,10,12,17,21,29,34,52,79,107,148,197,233,366,463,631,827,827,1266,1441,1809,2158,2503,2978,3405,4032,4825,5476,6077,6820,7503,8215,9134,10023,10779,11591,12428,13155,13915,14681,15362,15887,16523,17127,17669,18279,18849,19468,19899,20465,21067,21645,22170,22745,23227,23660,24114,24648,25085,25549,25969,26384,26644,26977,27359,27682,27967,28236,28710,28884,29079,29315,29684,29958,30201,30395,30560,30739,30911,31106,31368,31610,31763,31908,32007,32169,32330,32486,32616,32735,32785,32877,32955,33072,33142,33229,33340,33415,33475,33530,33601,33689,33774,33846,33899,33964,34043,34114,34167,34223,34301,34345,34371,34405,34448,Italy
87,0,https://flagcdn.com/48x36/jm.png,0,0,0,0,0,0,0,0,0,0,0,0,0,0,0,0,0,0,0,0,0,0,0,0,0,0,0,0,0,0,0,0,0,0,0,0,0,0,0,0,0,0,0,0,0,0,0,0,0,0,0,0,0,0,0,0,1,1,1,1,1,1,1,1,1,1,1,1,1,3,3,3,3,3,3,3,4,4,4,4,4,4,4,5,5,5,5,5,5,6,6,6,7,7,7,7,7,7,8,8,8,9,9,9,9,9,9,9,9,9,9,9,9,9,9,9,9,9,9,9,9,9,9,9,9,9,9,9,9,9,9,9,10,10,10,10,10,10,10,10,10,10,10,10,10,10,10,Jamaica
88,0,https://flagcdn.com/48x36/jp.png,0,0,0,0,0,0,0,0,0,0,0,0,0,0,0,0,0,0,0,0,0,1,1,1,1,1,1,1,1,1,1,1,1,1,2,4,4,5,6,6,6,6,6,6,6,6,17,10,15,16,19,22,22,27,29,29,29,33,35,36,42,43,45,47,49,52,54,54,56,57,62,63,77,77,85,92,93,94,99,99,108,123,143,146,178,190,222,236,236,263,281,328,345,360,372,385,394,413,430,455,474,487,536,556,556,577,590,607,624,633,657,678,697,713,725,744,749,768,768,777,796,808,820,830,846,858,881,887,894,898,899,902,905,911,916,915,917,920,920,922,922,924,927,927,929,934,935,Japan
89,0,https://flagcdn.com/48x36/jo.png,0,0,0,0,0,0,0,0,0,0,0,0,0,0,0,0,0,0,0,0,0,0,0,0,0,0,0,0,0,0,0,0,0,0,0,0,0,0,0,0,0,0,0,0,0,0,0,0,0,0,0,0,0,0,0,0,0,0,0,0,0,0,0,0,1,1,3,5,5,5,5,5,5,5,6,6,6,7,7,7,7,7,7,7,7,7,7,7,7,7,7,7,7,7,7,7,8,8,8,8,9,9,9,9,9,9,9,9,9,9,9,9,9,9,9,9,9,9,9,9,9,9,9,9,9,9,9,9,9,9,9,9,9,9,9,9,9,9,9,9,9,9,9,9,9,9,9,Jordan
90,0,https://flagcdn.com/48x36/kz.png,0,0,0,0,0,0,0,0,0,0,0,0,0,0,0,0,0,0,0,0,0,0,0,0,0,0,0,0,0,0,0,0,0,0,0,0,0,0,0,0,0,0,0,0,0,0,0,0,0,0,0,0,0,0,0,0,0,3,0,0,0,0,0,1,1,1,1,1,2,3,3,6,5,6,6,6,7,8,10,10,10,12,14,16,17,17,17,17,19,19,19,20,25,25,25,25,25,25,25,25,25,27,29,29,30,30,31,31,31,32,32,32,32,34,34,34,35,35,35,35,35,35,35,35,37,37,37,37,38,40,41,44,48,52,52,53,56,56,61,67,67,70,73,77,81,88,97,Kazakhstan
91,0,https://flagcdn.com/48x36/ke.png,0,0,0,0,0,0,0,0,0,0,0,0,0,0,0,0,0,0,0,0,0,0,0,0,0,0,0,0,0,0,0,0,0,0,0,0,0,0,0,0,0,0,0,0,0,0,0,0,0,0,0,0,0,0,0,0,0,0,0,0,0,0,0,1,1,1,1,1,1,1,3,4,4,4,6,6,6,7,7,7,8,9,9,10,11,11,12,14,14,14,14,14,14,14,14,14,14,15,17,21,22,24,24,24,26,29,29,30,32,33,36,40,42,45,50,50,50,50,50,50,50,50,51,52,52,55,58,62,63,64,69,71,74,78,79,83,84,85,88,89,92,96,100,103,104,105,107,Kenya
92,0,https://flagcdn.com/48x36/kr.png,0,0,0,0,0,0,0,0,0,0,0,0,0,0,0,0,0,0,0,0,0,0,0,0,0,0,0,0,1,2,2,6,8,10,12,13,13,16,17,28,28,35,35,42,44,50,53,54,60,66,66,72,75,75,81,84,91,94,102,104,111,120,126,131,139,144,152,158,162,165,169,174,177,183,186,192,200,204,208,211,214,217,222,225,229,230,232,234,236,237,238,240,240,242,243,244,246,247,248,250,250,252,254,255,256,256,256,256,256,258,259,260,260,262,262,263,263,263,264,264,266,266,267,269,269,269,269,269,270,271,272,273,273,273,273,273,273,274,276,276,277,277,277,277,278,279,280,"Korea, South"
93,0,https://flagcdn.com/48x36/xk.png,0,0,0,0,0,0,0,0,0,0,0,0,0,0,0,0,0,0,0,0,0,0,0,0,0,0,0,0,0,0,0,0,0,0,0,0,0,0,0,0,0,0,0,0,0,0,0,0,0,0,0,0,0,0,0,0,0,0,0,0,0,0,0,1,1,1,1,1,1,1,1,1,1,1,1,4,5,5,7,7,7,7,8,8,11,12,12,12,12,12,12,12,12,12,12,12,12,12,22,22,22,22,26,26,26,27,27,28,28,28,29,29,29,29,29,29,29,29,29,29,29,29,29,30,30,30,30,30,30,30,30,30,30,30,30,30,30,31,31,31,31,31,32,32,33,33,33,Kosovo
94,0,https://flagcdn.com/48x36/kw.png,0,0,0,0,0,0,0,0,0,0,0,0,0,0,0,0,0,0,0,0,0,0,0,0,0,0,0,0,0,0,0,0,0,0,0,0,0,0,0,0,0,0,0,0,0,0,0,0,0,0,0,0,0,0,0,0,0,0,0,0,0,0,0,0,0,0,0,0,0,0,0,0,1,1,1,1,1,1,1,1,1,2,3,3,3,5,6,7,9,11,13,14,15,19,20,22,23,24,26,30,33,38,40,40,42,44,47,49,58,65,75,82,88,96,107,112,118,121,124,129,138,148,156,165,172,175,185,194,205,212,220,226,230,236,244,254,264,269,273,275,279,285,289,296,298,303,306,Kuwait
95,0,https://flagcdn.com/48x36/kg.png,0,0,0,0,0,0,0,0,0,0,0,0,0,0,0,0,0,0,0,0,0,0,0,0,0,0,0,0,0,0,0,0,0,0,0,0,0,0,0,0,0,0,0,0,0,0,0,0,0,0,0,0,0,0,0,0,0,0,0,0,0,0,0,0,0,0,0,0,0,0,0,1,1,1,4,4,4,4,5,5,5,5,5,5,5,5,5,5,7,7,7,8,8,8,8,8,8,8,8,8,8,10,10,11,12,12,12,12,12,12,12,12,12,14,14,14,14,14,14,14,14,14,14,16,16,16,16,16,16,16,16,17,20,20,22,22,22,23,24,26,26,26,27,27,28,30,31,Kyrgyzstan
96,0,https://flagcdn.com/48x36/la.png,0,0,0,0,0,0,0,0,0,0,0,0,0,0,0,0,0,0,0,0,0,0,0,0,0,0,0,0,0,0,0,0,0,0,0,0,0,0,0,0,0,0,0,0,0,0,0,0,0,0,0,0,0,0,0,0,0,0,0,0,0,0,0,0,0,0,0,0,0,0,0,0,0,0,0,0,0,0,0,0,0,0,0,0,0,0,0,0,0,0,0,0,0,0,0,0,0,0,0,0,0,0,0,0,0,0,0,0,0,0,0,0,0,0,0,0,0,0,0,0,0,0,0,0,0,0,0,0,0,0,0,0,0,0,0,0,0,0,0,0,0,0,0,0,0,0,0,Laos
97,0,https://flagcdn.com/48x36/lv.png,0,0,0,0,0,0,0,0,0,0,0,0,0,0,0,0,0,0,0,0,0,0,0,0,0,0,0,0,0,0,0,0,0,0,0,0,0,0,0,0,0,0,0,0,0,0,0,0,0,0,0,0,0,0,0,0,0,0,0,0,0,0,0,0,0,0,0,0,0,0,0,1,1,1,1,2,2,3,3,3,5,5,5,5,5,5,5,5,5,9,11,11,12,12,12,13,13,15,15,16,16,16,16,17,17,18,18,18,18,18,18,19,19,19,19,19,19,21,21,22,22,22,22,22,22,23,24,24,24,24,24,24,24,25,25,25,25,26,26,26,26,27,28,28,28,28,30,Latvia
98,0,https://flagcdn.com/48x36/lb.png,0,0,0,0,0,0,0,0,0,0,0,0,0,0,0,0,0,0,0,0,0,0,0,0,0,0,0,0,0,0,0,0,0,0,0,0,0,0,0,0,0,0,0,0,0,0,0,1,3,3,3,3,3,3,3,3,4,4,4,4,4,4,6,6,8,8,10,11,12,14,16,17,17,18,19,19,19,19,20,20,20,20,21,21,21,21,21,21,21,21,22,22,22,24,24,24,24,24,24,24,25,25,25,25,25,25,26,26,26,26,26,26,26,26,26,26,26,26,26,26,26,26,26,26,26,26,26,26,26,27,27,27,27,28,28,29,30,30,30,30,31,31,32,32,32,32,32,Lebanon
100,0,https://flagcdn.com/48x36/lr.png,0,0,0,0,0,0,0,0,0,0,0,0,0,0,0,0,0,0,0,0,0,0,0,0,0,0,0,0,0,0,0,0,0,0,0,0,0,0,0,0,0,0,0,0,0,0,0,0,0,0,0,0,0,0,0,0,0,0,0,0,0,0,0,0,0,0,0,0,0,0,0,0,1,3,3,3,4,4,5,5,5,6,6,6,6,7,7,8,8,8,8,8,8,11,12,12,16,16,16,18,18,18,18,20,20,20,20,20,20,20,20,20,20,20,20,21,22,23,23,23,24,26,26,26,26,27,27,27,27,27,27,28,28,28,30,30,30,30,31,31,31,32,32,32,33,33,33,Liberia
101,0,https://flagcdn.com/48x36/ly.png,0,0,0,0,0,0,0,0,0,0,0,0,0,0,0,0,0,0,0,0,0,0,0,0,0,0,0,0,0,0,0,0,0,0,0,0,0,0,0,0,0,0,0,0,0,0,0,0,0,0,0,0,0,0,0,0,0,0,0,0,0,0,0,0,0,0,0,0,0,0,1,1,1,1,1,1,1,1,1,1,1,1,1,1,1,1,1,1,1,1,1,2,2,2,2,2,2,2,3,3,3,3,3,3,3,3,3,3,3,3,3,3,3,3,3,3,3,3,3,3,3,3,3,3,3,4,5,5,5,5,5,5,5,5,5,5,5,5,5,5,5,6,8,10,10,10,10,Libya
102,0,https://flagcdn.com/48x36/li.png,0,0,0,0,0,0,0,0,0,0,0,0,0,0,0,0,0,0,0,0,0,0,0,0,0,0,0,0,0,0,0,0,0,0,0,0,0,0,0,0,0,0,0,0,0,0,0,0,0,0,0,0,0,0,0,0,0,0,0,0,0,0,0,0,0,0,0,0,0,0,0,0,1,1,1,1,1,1,1,1,1,1,1,1,1,1,1,1,1,1,1,1,1,1,1,1,1,1,1,1,1,1,1,1,1,1,1,1,1,1,1,1,1,1,1,1,1,1,1,1,1,1,1,1,1,1,1,1,1,1,1,1,1,1,1,1,1,1,1,1,1,1,1,1,1,1,1,Liechtenstein
103,0,https://flagcdn.com/48x36/lt.png,0,0,0,0,0,0,0,0,0,0,0,0,0,0,0,0,0,0,0,0,0,0,0,0,0,0,0,0,0,0,0,0,0,0,0,0,0,0,0,0,0,0,0,0,0,0,0,0,0,0,0,0,0,0,0,0,0,0,1,1,1,2,4,4,5,7,7,7,8,8,9,9,11,13,15,15,15,16,22,23,23,24,29,30,32,33,33,35,37,38,38,40,40,41,41,41,44,45,45,45,46,46,46,46,48,49,49,49,50,50,50,54,54,54,55,56,59,60,60,61,61,63,63,63,65,66,68,68,70,70,70,71,71,71,71,71,71,71,72,74,74,74,75,75,76,76,76,Lithuania
104,0,https://flagcdn.com/48x36/lu.png,0,0,0,0,0,0,0,0,0,0,0,0,0,0,0,0,0,0,0,0,0,0,0,0,0,0,0,0,0,0,0,0,0,0,0,0,0,0,0,0,0,0,0,0,0,0,0,0,0,0,0,1,1,1,1,2,4,4,8,8,8,8,8,9,15,18,21,22,23,29,30,31,31,36,41,44,46,52,54,62,66,69,67,69,69,72,72,73,75,78,80,83,85,85,88,88,89,89,90,92,92,96,96,96,98,100,100,101,101,101,102,103,103,104,104,107,107,109,109,109,109,109,110,110,110,110,110,110,110,110,110,110,110,110,110,110,110,110,110,110,110,110,110,110,110,110,110,Luxembourg
106,0,https://flagcdn.com/48x36/mg.png,0,0,0,0,0,0,0,0,0,0,0,0,0,0,0,0,0,0,0,0,0,0,0,0,0,0,0,0,0,0,0,0,0,0,0,0,0,0,0,0,0,0,0,0,0,0,0,0,0,0,0,0,0,0,0,0,0,0,0,0,0,0,0,0,0,0,0,0,0,0,0,0,0,0,0,0,0,0,0,0,0,0,0,0,0,0,0,0,0,0,0,0,0,0,0,0,0,0,0,0,0,0,0,0,0,0,0,0,0,0,0,0,0,0,0,1,1,2,2,2,2,2,2,2,2,2,2,5,6,6,6,6,6,7,7,8,9,9,9,10,10,10,10,10,10,12,12,Madagascar
107,0,https://flagcdn.com/48x36/my.png,0,0,0,0,0,0,0,0,0,0,0,0,0,0,0,0,0,0,0,0,0,0,0,0,0,0,0,0,0,0,0,0,0,0,0,0,0,0,0,0,0,0,0,0,0,0,0,0,0,0,0,0,0,0,2,2,2,3,4,10,14,16,20,23,26,27,35,37,43,45,50,53,57,61,62,63,65,67,70,73,76,77,82,83,84,86,88,89,89,92,93,95,96,98,98,99,100,100,102,103,103,105,105,106,107,107,107,108,108,109,109,111,112,112,113,113,113,114,114,114,115,115,115,115,115,115,115,115,115,115,115,115,115,115,116,117,117,117,117,118,118,119,120,121,121,121,121,Malaysia
108,0,https://flagcdn.com/48x36/mv.png,0,0,0,0,0,0,0,0,0,0,0,0,0,0,0,0,0,0,0,0,0,0,0,0,0,0,0,0,0,0,0,0,0,0,0,0,0,0,0,0,0,0,0,0,0,0,0,0,0,0,0,0,0,0,0,0,0,0,0,0,0,0,0,0,0,0,0,0,0,0,0,0,0,0,0,0,0,0,0,0,0,0,0,0,0,0,0,0,0,0,0,0,0,0,0,0,0,1,1,1,1,1,1,2,2,3,3,3,3,3,3,4,4,4,4,4,4,4,4,4,4,4,4,4,5,5,5,5,5,5,6,7,7,7,7,8,8,8,8,8,8,8,8,8,8,8,8,Maldives
109,0,https://flagcdn.com/48x36/ml.png,0,0,0,0,0,0,0,0,0,0,0,0,0,0,0,0,0,0,0,0,0,0,0,0,0,0,0,0,0,0,0,0,0,0,0,0,0,0,0,0,0,0,0,0,0,0,0,0,0,0,0,0,0,0,0,0,0,0,0,0,0,0,0,0,0,0,1,2,2,3,3,3,3,5,5,5,7,7,7,7,9,10,13,13,13,13,13,14,14,14,17,21,21,21,23,23,24,25,26,26,26,27,29,32,32,32,35,37,38,39,40,44,46,46,48,52,52,53,55,60,62,63,65,67,70,70,72,73,76,77,78,78,79,85,87,90,90,92,94,96,97,101,104,104,104,104,107,Mali
110,0,https://flagcdn.com/48x36/mt.png,0,0,0,0,0,0,0,0,0,0,0,0,0,0,0,0,0,0,0,0,0,0,0,0,0,0,0,0,0,0,0,0,0,0,0,0,0,0,0,0,0,0,0,0,0,0,0,0,0,0,0,0,0,0,0,0,0,0,0,0,0,0,0,0,0,0,0,0,0,0,0,0,0,0,0,0,1,2,2,3,3,3,3,3,3,3,3,3,3,3,3,3,3,4,4,4,4,4,4,4,4,4,4,5,5,5,5,5,5,5,5,6,6,6,6,6,6,6,6,6,6,6,6,6,6,7,7,9,9,9,9,9,9,9,9,9,9,9,9,9,9,9,9,9,9,9,9,Malta
111,0,https://flagcdn.com/48x36/mr.png,0,0,0,0,0,0,0,0,0,0,0,0,0,0,0,0,0,0,0,0,0,0,0,0,0,0,0,0,0,0,0,0,0,0,0,0,0,0,0,0,0,0,0,0,0,0,0,0,0,0,0,0,0,0,0,0,0,0,0,0,0,0,0,0,0,0,0,1,1,1,1,1,1,1,1,1,1,1,1,1,1,1,1,1,1,1,1,1,1,1,1,1,1,1,1,1,1,1,1,1,1,1,1,1,1,1,1,1,1,1,1,2,2,3,4,4,4,4,4,5,6,6,6,9,13,16,19,20,20,23,23,31,34,39,43,49,55,59,61,71,74,81,83,87,91,93,95,Mauritania
112,0,https://flagcdn.com/48x36/mu.png,0,0,0,0,0,0,0,0,0,0,0,0,0,0,0,0,0,0,0,0,0,0,0,0,0,0,0,0,0,0,0,0,0,0,0,0,0,0,0,0,0,0,0,0,0,0,0,0,0,0,0,0,0,0,0,0,0,0,1,2,2,2,2,2,2,2,3,3,5,6,7,7,7,7,7,7,7,7,9,9,9,9,9,9,9,9,9,9,9,9,9,9,9,9,9,10,10,10,10,10,10,10,10,10,10,10,10,10,10,10,10,10,10,10,10,10,10,10,10,10,10,10,10,10,10,10,10,10,10,10,10,10,10,10,10,10,10,10,10,10,10,10,10,10,10,10,10,Mauritius
113,0,https://flagcdn.com/48x36/mx.png,0,0,0,0,0,0,0,0,0,0,0,0,0,0,0,0,0,0,0,0,0,0,0,0,0,0,0,0,0,0,0,0,0,0,0,0,0,0,0,0,0,0,0,0,0,0,0,0,0,0,0,0,0,0,0,0,1,1,2,2,3,4,5,6,8,12,16,20,28,29,37,50,60,79,94,125,141,174,194,233,273,296,332,406,449,486,546,650,686,712,857,1069,1221,1305,1351,1434,1569,1732,1859,1972,2061,2154,2271,2507,2704,2961,3160,3353,3465,3573,3926,4220,4477,4767,5045,5177,5332,5666,6090,6510,6989,7179,7394,7633,8134,8597,9044,9415,9779,9930,10167,10637,11729,12545,13170,13511,13699,14053,14649,15357,15944,16448,16872,17141,17580,18310,19080,Mexico
114,0,https://flagcdn.com/48x36/md.png,0,0,0,0,0,0,0,0,0,0,0,0,0,0,0,0,0,0,0,0,0,0,0,0,0,0,0,0,0,0,0,0,0,0,0,0,0,0,0,0,0,0,0,0,0,0,0,0,0,0,0,0,0,0,0,1,1,1,1,1,1,1,1,1,2,2,2,2,4,5,6,8,12,15,19,22,27,29,29,30,31,35,40,46,54,56,57,67,70,72,75,80,84,94,96,102,103,111,116,122,124,125,132,136,143,145,150,161,169,175,182,185,194,202,207,211,217,221,228,233,237,242,250,261,267,274,282,288,291,295,305,307,310,315,323,331,341,353,365,371,375,385,398,406,411,423,433,Moldova
115,0,https://flagcdn.com/48x36/mc.png,0,0,0,0,0,0,0,0,0,0,0,0,0,0,0,0,0,0,0,0,0,0,0,0,0,0,0,0,0,0,0,0,0,0,0,0,0,0,0,0,0,0,0,0,0,0,0,0,0,0,0,0,0,0,0,0,0,0,0,0,0,0,0,0,0,0,1,1,1,1,1,1,1,1,1,1,1,1,1,1,1,1,1,3,3,3,3,3,3,3,3,4,4,4,4,4,4,4,4,4,4,4,4,4,4,4,4,4,4,4,4,4,4,4,4,4,4,4,4,4,4,4,4,4,4,4,4,4,4,4,4,4,4,4,4,4,4,4,4,4,4,4,4,4,4,4,4,Monaco
116,0,https://flagcdn.com/48x36/mn.png,0,0,0,0,0,0,0,0,0,0,0,0,0,0,0,0,0,0,0,0,0,0,0,0,0,0,0,0,0,0,0,0,0,0,0,0,0,0,0,0,0,0,0,0,0,0,0,0,0,0,0,0,0,0,0,0,0,0,0,0,0,0,0,0,0,0,0,0,0,0,0,0,0,0,0,0,0,0,0,0,0,0,0,0,0,0,0,0,0,0,0,0,0,0,0,0,0,0,0,0,0,0,0,0,0,0,0,0,0,0,0,0,0,0,0,0,0,0,0,0,0,0,0,0,0,0,0,0,0,0,0,0,0,0,0,0,0,0,0,0,0,0,0,0,0,0,0,Mongolia
117,0,https://flagcdn.com/48x36/me.png,0,0,0,0,0,0,0,0,0,0,0,0,0,0,0,0,0,0,0,0,0,0,0,0,0,0,0,0,0,0,0,0,0,0,0,0,0,0,0,0,0,0,0,0,0,0,0,0,0,0,0,0,0,0,0,0,0,0,0,0,1,1,1,1,1,1,1,1,2,2,2,2,2,2,2,2,2,2,2,2,3,3,4,4,4,5,5,5,5,5,5,5,6,6,7,7,7,7,7,7,8,8,8,8,8,8,8,8,9,9,9,9,9,9,9,9,9,9,9,9,9,9,9,9,9,9,9,9,9,9,9,9,9,9,9,9,9,9,9,9,9,9,9,9,9,9,9,Montenegro
118,0,https://flagcdn.com/48x36/ma.png,0,0,0,0,0,0,0,0,0,0,0,0,0,0,0,0,0,0,0,0,0,0,0,0,0,0,0,0,0,0,0,0,0,0,0,0,0,0,0,0,0,0,0,0,0,0,0,1,1,1,1,1,1,1,2,2,2,3,3,4,4,5,6,11,23,25,26,33,36,39,44,48,59,70,80,90,93,97,107,111,118,126,126,127,130,135,137,141,143,145,149,155,158,159,161,162,165,168,170,171,173,174,179,181,183,183,186,186,188,188,188,188,190,190,192,192,192,193,194,196,197,198,199,200,203,203,203,203,205,206,206,207,207,209,209,209,209,209,211,212,212,213,213,213,213,213,214,Morocco
119,0,https://flagcdn.com/48x36/mz.png,0,0,0,0,0,0,0,0,0,0,0,0,0,0,0,0,0,0,0,0,0,0,0,0,0,0,0,0,0,0,0,0,0,0,0,0,0,0,0,0,0,0,0,0,0,0,0,0,0,0,0,0,0,0,0,0,0,0,0,0,0,0,0,0,0,0,0,0,0,0,0,0,0,0,0,0,0,0,0,0,0,0,0,0,0,0,0,0,0,0,0,0,0,0,0,0,0,0,0,0,0,0,0,0,0,0,0,0,0,0,0,0,0,0,0,0,0,0,0,0,0,0,0,1,1,1,2,2,2,2,2,2,2,2,2,2,2,2,2,2,2,2,2,3,3,4,4,Mozambique
120,0,https://flagcdn.com/48x36/na.png,0,0,0,0,0,0,0,0,0,0,0,0,0,0,0,0,0,0,0,0,0,0,0,0,0,0,0,0,0,0,0,0,0,0,0,0,0,0,0,0,0,0,0,0,0,0,0,0,0,0,0,0,0,0,0,0,0,0,0,0,0,0,0,0,0,0,0,0,0,0,0,0,0,0,0,0,0,0,0,0,0,0,0,0,0,0,0,0,0,0,0,0,0,0,0,0,0,0,0,0,0,0,0,0,0,0,0,0,0,0,0,0,0,0,0,0,0,0,0,0,0,0,0,0,0,0,0,0,0,0,0,0,0,0,0,0,0,0,0,0,0,0,0,0,0,0,0,Namibia
121,0,https://flagcdn.com/48x36/np.png,0,0,0,0,0,0,0,0,0,0,0,0,0,0,0,0,0,0,0,0,0,0,0,0,0,0,0,0,0,0,0,0,0,0,0,0,0,0,0,0,0,0,0,0,0,0,0,0,0,0,0,0,0,0,0,0,0,0,0,0,0,0,0,0,0,0,0,0,0,0,0,0,0,0,0,0,0,0,0,0,0,0,0,0,0,0,0,0,0,0,0,0,0,0,0,0,0,0,0,0,0,0,0,0,0,0,0,0,0,0,0,0,0,0,1,2,2,2,2,3,3,3,3,4,4,4,5,6,6,8,8,8,9,10,11,13,13,14,15,15,15,16,18,19,19,19,20,Nepal
122,0,https://flagcdn.com/48x36/sx.png,0,0,0,0,0,0,0,0,0,0,0,0,0,0,0,0,0,0,0,0,0,0,0,0,0,0,0,0,0,0,0,0,0,0,0,0,0,0,0,0,0,0,0,1,1,3,3,4,5,5,10,12,20,24,43,58,77,107,137,180,214,277,357,435,547,640,772,865,1040,1175,1341,1490,1656,1771,1874,2108,2255,2403,2520,2653,2747,2833,2955,3145,3327,3471,3613,3697,3764,3929,4068,4192,4304,4424,4491,4534,4582,4727,4811,4909,5003,5072,5098,5185,5221,5306,5377,5441,5459,5475,5529,5581,5609,5662,5689,5699,5713,5734,5767,5794,5807,5830,5841,5849,5875,5890,5922,5950,5970,5975,5981,5986,5996,6009,6024,6030,6032,6035,6050,6061,6063,6072,6076,6078,6084,6089,6093,Netherlands
123,0,https://flagcdn.com/48x36/nz.png,0,0,0,0,0,0,0,0,0,0,0,0,0,0,0,0,0,0,0,0,0,0,0,0,0,0,0,0,0,0,0,0,0,0,0,0,0,0,0,0,0,0,0,0,0,0,0,0,0,0,0,0,0,0,0,0,0,0,0,0,0,0,0,0,0,0,1,1,1,1,1,1,1,1,1,1,1,1,2,4,4,5,9,9,9,11,11,12,12,13,14,17,18,18,19,19,19,19,19,20,20,20,20,21,21,21,21,21,21,21,21,21,21,21,21,21,21,21,21,21,21,21,21,21,21,22,22,22,22,22,22,22,22,22,22,22,22,22,22,22,22,22,22,22,22,22,22,New Zealand
124,0,https://flagcdn.com/48x36/ni.png,0,0,0,0,0,0,0,0,0,0,0,0,0,0,0,0,0,0,0,0,0,0,0,0,0,0,0,0,0,0,0,0,0,0,0,0,0,0,0,0,0,0,0,0,0,0,0,0,0,0,0,0,0,0,0,0,0,0,0,0,0,0,0,0,1,1,1,1,1,1,1,1,1,1,1,1,1,1,1,1,1,1,1,1,1,1,2,2,2,2,2,3,3,3,3,3,3,3,3,3,3,5,5,5,5,5,5,5,5,5,8,8,8,8,8,8,8,17,17,17,17,17,17,17,35,35,35,35,35,35,35,46,46,46,46,46,46,46,55,55,55,55,55,55,55,64,64,Nicaragua
125,0,https://flagcdn.com/48x36/ne.png,0,0,0,0,0,0,0,0,0,0,0,0,0,0,0,0,0,0,0,0,0,0,0,0,0,0,0,0,0,0,0,0,0,0,0,0,0,0,0,0,0,0,0,0,0,0,0,0,0,0,0,0,0,0,0,0,0,0,0,0,0,0,1,1,1,1,1,3,3,5,5,5,8,10,10,11,11,11,11,11,12,12,14,14,14,18,19,20,20,20,22,24,24,27,29,29,31,32,32,33,35,36,37,38,38,42,44,45,46,46,47,49,50,51,51,54,55,55,58,60,60,61,61,62,63,63,64,64,64,64,65,65,65,65,65,65,65,65,65,65,65,65,66,66,66,66,67,Niger
126,0,https://flagcdn.com/48x36/ng.png,0,0,0,0,0,0,0,0,0,0,0,0,0,0,0,0,0,0,0,0,0,0,0,0,0,0,0,0,0,0,0,0,0,0,0,0,0,0,0,0,0,0,0,0,0,0,0,0,0,0,0,0,0,0,0,0,0,0,0,0,1,1,1,1,1,1,1,2,2,2,2,4,4,5,5,6,6,7,7,10,10,10,11,12,13,17,19,21,22,22,28,31,32,35,40,40,44,51,58,68,85,87,93,98,103,107,117,128,143,150,158,164,167,171,176,182,191,192,200,211,221,221,226,233,249,254,259,261,273,287,299,314,315,323,333,342,354,361,365,382,387,399,407,420,424,455,469,Nigeria
127,0,https://flagcdn.com/48x36/mk.png,0,0,0,0,0,0,0,0,0,0,0,0,0,0,0,0,0,0,0,0,0,0,0,0,0,0,0,0,0,0,0,0,0,0,0,0,0,0,0,0,0,0,0,0,0,0,0,0,0,0,0,0,0,0,0,0,0,0,0,1,2,2,3,3,3,4,6,7,9,11,11,12,17,18,23,26,29,30,32,34,34,38,44,45,46,49,49,51,54,55,56,56,57,59,61,65,71,73,77,81,82,84,85,86,88,89,90,91,91,91,92,95,95,97,98,101,104,106,110,111,112,113,113,113,116,119,121,126,131,133,140,141,145,147,149,151,153,156,157,164,169,171,179,188,193,201,210,North Macedonia
128,0,https://flagcdn.com/48x36/no.png,0,0,0,0,0,0,0,0,0,0,0,0,0,0,0,0,0,0,0,0,0,0,0,0,0,0,0,0,0,0,0,0,0,0,0,0,0,0,0,0,0,0,0,0,0,0,0,0,0,0,0,3,3,3,3,6,7,7,7,7,10,12,14,14,19,23,25,32,39,44,50,59,62,71,76,89,101,108,113,119,128,134,139,150,152,161,164,165,181,182,187,194,199,201,201,205,206,207,210,210,211,211,214,215,216,217,218,219,219,224,228,229,232,232,232,232,233,233,234,235,235,235,235,235,235,235,236,236,236,236,236,237,237,238,238,238,238,239,239,239,242,242,242,242,242,242,243,Norway
129,0,https://flagcdn.com/48x36/om.png,0,0,0,0,0,0,0,0,0,0,0,0,0,0,0,0,0,0,0,0,0,0,0,0,0,0,0,0,0,0,0,0,0,0,0,0,0,0,0,0,0,0,0,0,0,0,0,0,0,0,0,0,0,0,0,0,0,0,0,0,0,0,0,0,0,0,0,0,1,1,1,1,2,2,2,2,2,3,3,3,4,4,4,4,4,6,6,7,7,8,8,9,10,10,10,10,10,10,11,11,12,12,12,13,13,15,16,17,17,17,17,17,18,20,21,22,25,27,30,31,34,36,37,37,37,39,40,40,42,49,50,59,67,67,72,72,75,81,83,84,89,96,99,104,108,114,116,Oman
131,0,https://flagcdn.com/48x36/pk.png,0,0,0,0,0,0,0,0,0,0,0,0,0,0,0,0,0,0,0,0,0,0,0,0,0,0,0,0,0,0,0,0,0,0,0,0,0,0,0,0,0,0,0,0,0,0,0,0,0,0,0,0,0,0,0,0,2,3,3,4,6,7,8,9,11,12,14,21,26,27,34,40,41,47,53,57,61,65,66,86,91,93,96,111,128,135,143,168,176,201,212,237,253,269,281,292,312,343,385,417,440,457,476,514,564,585,599,636,659,706,737,761,770,834,834,873,903,939,985,1017,1067,1101,1133,1167,1197,1225,1260,1317,1395,1483,1543,1621,1688,1770,1838,1935,2002,2172,2255,2255,2463,2463,2551,2729,2839,2975,3093,Pakistan
132,0,https://flagcdn.com/48x36/pa.png,0,0,0,0,0,0,0,0,0,0,0,0,0,0,0,0,0,0,0,0,0,0,0,0,0,0,0,0,0,0,0,0,0,0,0,0,0,0,0,0,0,0,0,0,0,0,0,0,1,1,1,1,1,1,1,1,1,1,1,3,3,6,8,8,9,14,17,24,30,30,32,37,41,46,54,55,59,63,66,74,79,87,94,95,103,109,116,120,126,136,141,146,154,159,165,167,167,178,188,192,197,197,200,210,218,225,231,237,244,249,252,256,260,266,269,275,279,281,287,291,295,299,306,310,313,315,320,326,330,336,344,352,357,363,370,386,393,398,403,413,418,421,429,437,448,457,470,Panama
133,0,https://flagcdn.com/48x36/pg.png,0,0,0,0,0,0,0,0,0,0,0,0,0,0,0,0,0,0,0,0,0,0,0,0,0,0,0,0,0,0,0,0,0,0,0,0,0,0,0,0,0,0,0,0,0,0,0,0,0,0,0,0,0,0,0,0,0,0,0,0,0,0,0,0,0,0,0,0,0,0,0,0,0,0,0,0,0,0,0,0,0,0,0,0,0,0,0,0,0,0,0,0,0,0,0,0,0,0,0,0,0,0,0,0,0,0,0,0,0,0,0,0,0,0,0,0,0,0,0,0,0,0,0,0,0,0,0,0,0,0,0,0,0,0,0,0,0,0,0,0,0,0,0,0,0,0,0,Papua New Guinea
134,0,https://flagcdn.com/48x36/py.png,0,0,0,0,0,0,0,0,0,0,0,0,0,0,0,0,0,0,0,0,0,0,0,0,0,0,0,0,0,0,0,0,0,0,0,0,0,0,0,0,0,0,0,0,0,0,0,0,0,0,0,0,0,0,0,0,0,0,1,1,1,2,3,3,3,3,3,3,3,3,3,3,3,3,5,5,5,5,6,6,6,6,7,8,8,8,8,8,8,8,9,9,9,9,9,9,9,9,10,10,10,10,10,10,10,10,10,10,10,10,10,11,11,11,11,11,11,11,11,11,11,11,11,11,11,11,11,11,11,11,11,11,11,11,11,11,11,11,11,11,11,11,11,11,12,13,13,Paraguay
135,0,https://flagcdn.com/48x36/pe.png,0,0,0,0,0,0,0,0,0,0,0,0,0,0,0,0,0,0,0,0,0,0,0,0,0,0,0,0,0,0,0,0,0,0,0,0,0,0,0,0,0,0,0,0,0,0,0,0,0,0,0,0,0,0,0,0,0,3,5,5,5,7,9,9,11,16,18,24,30,38,55,61,73,83,92,107,121,138,169,181,193,216,230,254,274,300,348,400,445,484,530,572,634,700,728,782,854,943,1051,1124,1200,1286,1344,1444,1533,1627,1714,1814,1889,1961,2057,2169,2267,2392,2523,2648,2789,2914,3024,3148,3244,3373,3456,3629,3788,3983,4099,4099,4371,4506,4634,4634,4894,5031,5162,5301,5465,5571,5738,5903,6088,6088,6308,6688,6860,7056,7257,Peru
136,0,https://flagcdn.com/48x36/ph.png,0,0,0,0,0,0,0,0,0,0,1,1,1,1,1,1,1,1,1,1,1,1,1,1,1,1,1,1,1,1,1,1,1,1,1,1,1,1,1,1,1,1,1,1,1,1,1,1,1,2,5,8,11,12,12,19,17,18,19,25,33,35,38,45,54,68,71,78,88,96,107,136,144,152,163,177,182,203,221,247,297,315,335,349,362,387,397,409,428,437,446,462,477,494,501,511,530,558,568,579,603,607,623,637,658,685,696,704,719,726,751,772,790,806,817,824,831,837,842,846,857,863,868,873,886,904,921,942,950,957,960,966,974,984,987,994,1003,1011,1017,1027,1036,1052,1074,1088,1098,1103,1108,Philippines
137,0,https://flagcdn.com/48x36/pl.png,0,0,0,0,0,0,0,0,0,0,0,0,0,0,0,0,0,0,0,0,0,0,0,0,0,0,0,0,0,0,0,0,0,0,0,0,0,0,0,0,0,0,0,0,0,0,0,0,0,1,2,3,3,4,5,5,5,5,5,7,8,10,14,16,16,18,22,31,33,43,57,71,79,94,107,129,159,174,181,208,232,245,263,286,314,332,347,360,380,401,426,454,494,524,535,562,596,624,644,651,664,678,698,716,733,755,776,785,800,811,839,861,883,907,915,925,936,948,962,972,982,993,996,1007,1024,1028,1038,1051,1061,1064,1074,1092,1115,1117,1137,1153,1157,1166,1183,1206,1215,1222,1237,1247,1256,1272,1286,Poland
138,0,https://flagcdn.com/48x36/pt.png,0,0,0,0,0,0,0,0,0,0,0,0,0,0,0,0,0,0,0,0,0,0,0,0,0,0,0,0,0,0,0,0,0,0,0,0,0,0,0,0,0,0,0,0,0,0,0,0,0,0,0,0,0,0,1,2,3,6,12,14,23,33,43,60,76,100,119,140,160,187,209,246,266,295,311,345,380,409,435,470,504,535,567,599,629,657,687,714,735,762,785,820,854,880,903,928,948,973,989,1007,1023,1043,1063,1074,1089,1105,1114,1126,1135,1144,1163,1175,1184,1190,1203,1218,1231,1247,1263,1277,1289,1302,1316,1330,1342,1356,1369,1383,1396,1410,1424,1436,1447,1455,1465,1474,1479,1485,1492,1497,1504,1505,1512,1517,1520,1522,1523,Portugal
139,0,https://flagcdn.com/48x36/qa.png,0,0,0,0,0,0,0,0,0,0,0,0,0,0,0,0,0,0,0,0,0,0,0,0,0,0,0,0,0,0,0,0,0,0,0,0,0,0,0,0,0,0,0,0,0,0,0,0,0,0,0,0,0,0,0,0,0,0,0,0,0,0,0,0,0,1,1,1,2,2,3,3,3,4,4,6,6,6,6,6,7,7,7,7,7,7,8,8,9,9,10,10,10,10,10,10,10,10,10,12,12,12,12,12,12,12,12,13,14,14,14,14,14,14,15,15,15,15,16,17,19,21,23,26,28,30,33,36,36,38,40,43,45,45,49,51,54,57,62,66,69,70,70,73,76,80,82,Qatar
140,0,https://flagcdn.com/48x36/ro.png,0,0,0,0,0,0,0,0,0,0,0,0,0,0,0,0,0,0,0,0,0,0,0,0,0,0,0,0,0,0,0,0,0,0,0,0,0,0,0,0,0,0,0,0,0,0,0,0,0,0,0,0,0,0,0,0,0,0,0,3,7,11,17,23,26,37,43,65,82,92,115,133,146,151,176,197,220,248,270,291,316,331,351,372,392,411,421,451,478,498,524,545,567,601,619,641,663,693,717,744,771,790,818,841,864,888,923,939,961,982,1002,1036,1053,1070,1094,1107,1120,1137,1147,1156,1166,1176,1185,1205,1216,1227,1235,1248,1259,1266,1276,1288,1296,1305,1316,1322,1333,1339,1354,1360,1369,1380,1394,1410,1427,1437,1451,Romania
141,0,https://flagcdn.com/48x36/ru.png,0,0,0,0,0,0,0,0,0,0,0,0,0,0,0,0,0,0,0,0,0,0,0,0,0,0,0,0,0,0,0,0,0,0,0,0,0,0,0,0,0,0,0,0,0,0,0,0,0,0,0,0,0,0,0,0,1,1,1,1,1,1,3,3,4,4,8,9,17,24,30,34,43,45,47,58,63,76,94,106,130,148,170,198,232,273,313,361,405,456,513,555,615,681,747,794,867,972,1073,1169,1222,1280,1356,1451,1537,1625,1723,1827,1915,2009,2116,2212,2305,2418,2537,2631,2722,2837,2972,3099,3249,3388,3541,3633,3807,3968,4142,4374,4555,4693,4849,5031,5208,5376,5520,5717,5851,5963,6134,6350,6522,6705,6819,6938,7081,7274,7468,Russia
142,0,https://flagcdn.com/48x36/rw.png,0,0,0,0,0,0,0,0,0,0,0,0,0,0,0,0,0,0,0,0,0,0,0,0,0,0,0,0,0,0,0,0,0,0,0,0,0,0,0,0,0,0,0,0,0,0,0,0,0,0,0,0,0,0,0,0,0,0,0,0,0,0,0,0,0,0,0,0,0,0,0,0,0,0,0,0,0,0,0,0,0,0,0,0,0,0,0,0,0,0,0,0,0,0,0,0,0,0,0,0,0,0,0,0,0,0,0,0,0,0,0,0,0,0,0,0,0,0,0,0,0,0,0,0,0,0,0,0,1,1,1,2,2,2,2,2,2,2,2,2,2,2,2,2,2,2,2,Rwanda
143,0,https://flagcdn.com/48x36/kn.png,0,0,0,0,0,0,0,0,0,0,0,0,0,0,0,0,0,0,0,0,0,0,0,0,0,0,0,0,0,0,0,0,0,0,0,0,0,0,0,0,0,0,0,0,0,0,0,0,0,0,0,0,0,0,0,0,0,0,0,0,0,0,0,0,0,0,0,0,0,0,0,0,0,0,0,0,0,0,0,0,0,0,0,0,0,0,0,0,0,0,0,0,0,0,0,0,0,0,0,0,0,0,0,0,0,0,0,0,0,0,0,0,0,0,0,0,0,0,0,0,0,0,0,0,0,0,0,0,0,0,0,0,0,0,0,0,0,0,0,0,0,0,0,0,0,0,0,Saint Kitts and Nevis
144,0,https://flagcdn.com/48x36/lc.png,0,0,0,0,0,0,0,0,0,0,0,0,0,0,0,0,0,0,0,0,0,0,0,0,0,0,0,0,0,0,0,0,0,0,0,0,0,0,0,0,0,0,0,0,0,0,0,0,0,0,0,0,0,0,0,0,0,0,0,0,0,0,0,0,0,0,0,0,0,0,0,0,0,0,0,0,0,0,0,0,0,0,0,0,0,0,0,0,0,0,0,0,0,0,0,0,0,0,0,0,0,0,0,0,0,0,0,0,0,0,0,0,0,0,0,0,0,0,0,0,0,0,0,0,0,0,0,0,0,0,0,0,0,0,0,0,0,0,0,0,0,0,0,0,0,0,0,Saint Lucia
145,0,https://flagcdn.com/48x36/vc.png,0,0,0,0,0,0,0,0,0,0,0,0,0,0,0,0,0,0,0,0,0,0,0,0,0,0,0,0,0,0,0,0,0,0,0,0,0,0,0,0,0,0,0,0,0,0,0,0,0,0,0,0,0,0,0,0,0,0,0,0,0,0,0,0,0,0,0,0,0,0,0,0,0,0,0,0,0,0,0,0,0,0,0,0,0,0,0,0,0,0,0,0,0,0,0,0,0,0,0,0,0,0,0,0,0,0,0,0,0,0,0,0,0,0,0,0,0,0,0,0,0,0,0,0,0,0,0,0,0,0,0,0,0,0,0,0,0,0,0,0,0,0,0,0,0,0,0,Saint Vincent and the Grenadines
146,0,https://flagcdn.com/48x36/sm.png,0,0,0,0,0,0,0,0,0,0,0,0,0,0,0,0,0,0,0,0,0,0,0,0,0,0,0,0,0,0,0,0,0,0,0,0,0,0,0,0,1,1,1,1,1,1,1,2,2,3,5,5,5,7,7,11,11,14,20,20,20,21,21,21,21,22,22,25,26,26,30,30,32,32,32,34,34,34,34,35,35,35,36,36,38,39,39,39,39,40,40,40,40,40,41,41,41,41,41,41,41,41,41,41,41,41,41,41,41,41,41,41,41,41,41,41,41,41,41,41,41,42,42,42,42,42,42,42,42,42,42,42,42,42,42,42,42,42,42,42,42,42,42,42,42,42,42,San Marino
148,0,https://flagcdn.com/48x36/sa.png,0,0,0,0,0,0,0,0,0,0,0,0,0,0,0,0,0,0,0,0,0,0,0,0,0,0,0,0,0,0,0,0,0,0,0,0,0,0,0,0,0,0,0,0,0,0,0,0,0,0,0,0,0,0,0,0,0,0,0,0,0,1,2,3,3,4,8,8,10,16,21,25,29,34,38,41,41,44,47,52,59,65,73,79,83,87,92,97,103,109,114,121,127,136,139,144,152,157,162,169,176,184,191,200,209,219,229,239,246,255,264,273,283,292,302,312,320,329,339,351,364,379,390,399,411,425,441,458,480,503,525,549,579,611,642,676,712,746,783,819,857,893,932,972,1011,1052,1091,Saudi Arabia
149,0,https://flagcdn.com/48x36/sn.png,0,0,0,0,0,0,0,0,0,0,0,0,0,0,0,0,0,0,0,0,0,0,0,0,0,0,0,0,0,0,0,0,0,0,0,0,0,0,0,0,0,0,0,0,0,0,0,0,0,0,0,0,0,0,0,0,0,0,0,0,0,0,0,0,0,0,0,0,0,1,1,1,2,2,2,2,2,2,2,2,2,2,2,2,2,2,3,3,5,5,6,6,7,7,9,9,9,9,9,9,9,9,10,11,12,13,13,17,19,19,19,21,23,25,25,25,26,30,30,33,33,34,35,35,36,38,39,41,42,42,42,43,45,45,45,47,49,49,52,52,55,56,60,60,64,70,73,Senegal
150,0,https://flagcdn.com/48x36/rs.png,0,0,0,0,0,0,0,0,0,0,0,0,0,0,0,0,0,0,0,0,0,0,0,0,0,0,0,0,0,0,0,0,0,0,0,0,0,0,0,0,0,0,0,0,0,0,0,0,0,0,0,0,0,0,0,0,0,1,1,2,3,3,4,1,1,10,13,16,16,28,31,39,44,51,58,61,65,66,71,74,80,85,94,99,103,110,117,122,125,125,125,125,125,125,125,125,125,125,179,179,189,193,197,200,203,206,209,215,215,218,220,222,224,225,228,230,231,234,235,237,237,238,238,239,239,240,241,242,242,243,244,245,245,246,247,248,249,250,250,251,252,252,253,254,255,256,257,Serbia
151,0,https://flagcdn.com/48x36/sc.png,0,0,0,0,0,0,0,0,0,0,0,0,0,0,0,0,0,0,0,0,0,0,0,0,0,0,0,0,0,0,0,0,0,0,0,0,0,0,0,0,0,0,0,0,0,0,0,0,0,0,0,0,0,0,0,0,0,0,0,0,0,0,0,0,0,0,0,0,0,0,0,0,0,0,0,0,0,0,0,0,0,0,0,0,0,0,0,0,0,0,0,0,0,0,0,0,0,0,0,0,0,0,0,0,0,0,0,0,0,0,0,0,0,0,0,0,0,0,0,0,0,0,0,0,0,0,0,0,0,0,0,0,0,0,0,0,0,0,0,0,0,0,0,0,0,0,0,Seychelles
152,0,https://flagcdn.com/48x36/sl.png,0,0,0,0,0,0,0,0,0,0,0,0,0,0,0,0,0,0,0,0,0,0,0,0,0,0,0,0,0,0,0,0,0,0,0,0,0,0,0,0,0,0,0,0,0,0,0,0,0,0,0,0,0,0,0,0,0,0,0,0,0,0,0,0,0,0,0,0,0,0,0,0,0,0,0,0,0,0,0,0,0,0,0,0,0,0,0,0,0,0,0,1,2,2,4,4,4,4,7,7,8,8,9,11,14,16,17,18,18,19,19,26,26,27,29,32,33,33,34,35,38,39,40,42,44,45,45,45,46,46,46,46,47,47,47,48,48,49,50,50,50,51,51,51,51,51,51,Sierra Leone
153,0,https://flagcdn.com/48x36/sg.png,0,0,0,0,0,0,0,0,0,0,0,0,0,0,0,0,0,0,0,0,0,0,0,0,0,0,0,0,0,0,0,0,0,0,0,0,0,0,0,0,0,0,0,0,0,0,0,0,0,0,0,0,0,0,0,0,0,0,2,2,2,2,2,2,2,2,3,3,3,3,4,5,6,6,6,6,6,6,7,8,8,9,10,10,10,11,11,11,11,11,12,12,12,12,12,14,14,14,15,16,17,18,18,18,20,20,20,20,20,21,21,21,21,21,22,22,22,22,22,23,23,23,23,23,23,23,23,23,23,23,24,24,24,24,24,25,25,25,25,25,25,25,26,26,26,26,26,Singapore
154,0,https://flagcdn.com/48x36/sk.png,0,0,0,0,0,0,0,0,0,0,0,0,0,0,0,0,0,0,0,0,0,0,0,0,0,0,0,0,0,0,0,0,0,0,0,0,0,0,0,0,0,0,0,0,0,0,0,0,0,0,0,0,0,0,0,1,1,1,1,0,0,0,0,0,0,0,0,0,0,1,1,1,1,1,2,2,2,2,2,2,2,2,2,6,8,9,11,12,13,14,14,15,17,17,18,18,20,22,23,23,24,24,25,25,25,26,26,26,26,26,27,27,27,27,28,28,28,28,28,28,28,28,28,28,28,28,28,28,28,28,28,28,28,28,28,28,28,28,28,28,28,28,28,28,28,28,28,Slovakia
155,0,https://flagcdn.com/48x36/si.png,0,0,0,0,0,0,0,0,0,0,0,0,0,0,0,0,0,0,0,0,0,0,0,0,0,0,0,0,0,0,0,0,0,0,0,0,0,0,0,0,0,0,0,0,0,0,0,0,0,0,0,1,1,1,1,1,1,1,1,2,3,4,5,6,9,9,11,11,15,15,17,20,22,28,30,36,40,43,45,50,53,55,56,61,61,66,70,74,77,77,79,79,80,81,82,83,86,89,91,92,94,96,97,98,99,99,100,101,102,102,102,103,103,103,103,104,104,104,105,106,106,106,107,107,108,108,108,108,108,108,109,109,109,109,109,109,109,109,109,109,109,109,109,109,109,109,109,Slovenia
156,0,https://flagcdn.com/48x36/so.png,0,0,0,0,0,0,0,0,0,0,0,0,0,0,0,0,0,0,0,0,0,0,0,0,0,0,0,0,0,0,0,0,0,0,0,0,0,0,0,0,0,0,0,0,0,0,0,0,0,0,0,0,0,0,0,0,0,0,0,0,0,0,0,0,0,0,0,0,0,0,0,0,0,0,0,0,1,1,1,1,1,2,2,5,5,6,7,7,8,8,8,16,16,18,23,26,28,28,28,28,31,32,35,38,39,44,44,48,51,52,52,52,53,53,55,56,57,59,61,61,61,61,61,66,67,67,72,72,73,78,79,79,79,79,79,82,83,84,85,85,85,85,87,88,88,88,88,Somalia
157,0,https://flagcdn.com/48x36/za.png,0,0,0,0,0,0,0,0,0,0,0,0,0,0,0,0,0,0,0,0,0,0,0,0,0,0,0,0,0,0,0,0,0,0,0,0,0,0,0,0,0,0,0,0,0,0,0,0,0,0,0,0,0,0,0,0,0,0,0,0,0,0,0,0,1,1,2,3,5,5,5,9,9,11,12,13,18,18,24,25,25,27,27,34,48,50,52,54,58,58,65,75,79,86,87,90,93,103,103,116,123,131,138,148,153,161,178,186,194,206,206,219,238,247,261,264,286,312,339,369,397,407,429,481,524,552,577,611,643,683,705,755,792,848,908,952,998,1080,1162,1210,1284,1354,1423,1480,1568,1625,1674,South Africa
158,0,https://flagcdn.com/48x36/es.png,0,0,0,0,0,0,0,0,0,0,0,0,0,0,0,0,0,0,0,0,0,0,0,0,0,0,0,0,0,0,0,0,0,0,0,0,0,0,0,0,1,2,3,5,10,17,28,35,54,55,133,195,289,342,533,623,830,1043,1375,1756,2311,2808,3647,4365,5138,5982,6803,7716,8464,9387,10348,11198,11947,12641,13341,14045,14792,15447,16081,16606,17209,17756,18056,18708,19315,20002,20043,20453,20852,21282,21717,22157,22524,22902,23190,23521,23822,24275,24543,24543,25100,25264,25428,25613,25857,26070,26299,26478,26621,26744,26920,27104,27321,27459,27563,27563,27709,27778,27888,27940,28628,28678,28752,26834,27117,27117,27119,27121,27125,27127,27127,27127,27128,27133,27134,27135,27136,27136,27136,27136,27136,27136,27136,27136,27136,27136,27136,Spain
159,0,https://flagcdn.com/48x36/lk.png,0,0,0,0,0,0,0,0,0,0,0,0,0,0,0,0,0,0,0,0,0,0,0,0,0,0,0,0,0,0,0,0,0,0,0,0,0,0,0,0,0,0,0,0,0,0,0,0,0,0,0,0,0,0,0,0,0,0,0,0,0,0,0,0,0,1,1,2,2,3,4,4,5,5,5,6,7,7,7,7,7,7,7,7,7,7,7,7,7,7,7,7,7,7,7,7,7,7,7,7,7,7,8,9,9,9,9,9,9,9,9,9,9,9,9,9,9,9,9,9,9,9,9,10,10,10,10,10,10,10,11,11,11,11,11,11,11,11,11,11,11,11,11,11,11,11,11,Sri Lanka
160,0,https://flagcdn.com/48x36/sd.png,0,0,0,0,0,0,0,0,0,0,0,0,0,0,0,0,0,0,0,0,0,0,0,0,0,0,0,0,0,0,0,0,0,0,0,0,0,0,0,0,0,0,0,0,0,0,0,0,0,0,1,1,1,1,1,1,1,1,1,1,1,1,1,1,1,1,1,2,2,2,2,2,2,2,2,2,2,2,2,2,2,4,5,5,5,6,10,10,12,12,13,16,16,17,21,22,25,28,31,36,41,41,41,45,49,52,59,64,70,74,80,90,90,95,101,101,109,115,115,125,143,154,173,178,178,205,205,243,272,296,308,317,324,343,357,369,373,391,408,420,437,457,474,486,495,507,518,Sudan
161,0,https://flagcdn.com/48x36/sr.png,0,0,0,0,0,0,0,0,0,0,0,0,0,0,0,0,0,0,0,0,0,0,0,0,0,0,0,0,0,0,0,0,0,0,0,0,0,0,0,0,0,0,0,0,0,0,0,0,0,0,0,0,0,0,0,0,0,0,0,0,0,0,0,0,0,0,0,0,0,0,0,1,1,1,1,1,1,1,1,1,1,1,1,1,1,1,1,1,1,1,1,1,1,1,1,1,1,1,1,1,1,1,1,1,1,1,1,1,1,1,1,1,1,1,1,1,1,1,1,1,1,1,1,1,1,1,1,1,1,1,1,1,1,1,1,1,1,2,2,2,2,3,3,3,5,6,6,Suriname
162,0,https://flagcdn.com/48x36/se.png,0,0,0,0,0,0,0,0,0,0,0,0,0,0,0,0,0,0,0,0,0,0,0,0,0,0,0,0,0,0,0,0,0,0,0,0,0,0,0,0,0,0,0,0,0,0,0,0,1,1,1,2,3,6,7,10,11,16,20,21,25,36,62,77,105,105,110,146,180,239,308,358,373,401,477,591,687,793,870,887,899,919,1033,1203,1333,1400,1511,1540,1580,1765,1937,2021,2152,2192,2194,2274,2355,2462,2586,2653,2669,2679,2769,2854,2941,3040,3175,3220,3225,3256,3313,3460,3529,3646,3674,3679,3698,3743,3831,3871,3925,3992,3998,4029,4125,4220,4266,4350,4395,4395,4403,4468,4542,4562,4639,4656,4659,4694,4717,4795,4814,4854,4874,4874,4891,4939,5041,Sweden
163,0,https://flagcdn.com/48x36/ch.png,0,0,0,0,0,0,0,0,0,0,0,0,0,0,0,0,0,0,0,0,0,0,0,0,0,0,0,0,0,0,0,0,0,0,0,0,0,0,0,0,0,0,1,1,1,2,2,3,4,4,11,13,14,14,27,28,41,54,75,98,120,122,153,191,231,264,300,359,433,488,536,591,666,715,765,821,895,948,1002,1036,1106,1138,1174,1239,1281,1327,1368,1393,1429,1478,1509,1549,1589,1599,1610,1665,1699,1716,1737,1754,1762,1762,1784,1795,1805,1810,1823,1830,1833,1845,1867,1870,1872,1878,1879,1881,1886,1891,1892,1898,1903,1905,1906,1913,1915,1917,1919,1919,1919,1920,1920,1920,1921,1921,1921,1921,1921,1923,1934,1936,1937,1938,1938,1938,1939,1954,1956,Switzerland
164,0,https://flagcdn.com/48x36/sy.png,0,0,0,0,0,0,0,0,0,0,0,0,0,0,0,0,0,0,0,0,0,0,0,0,0,0,0,0,0,0,0,0,0,0,0,0,0,0,0,0,0,0,0,0,0,0,0,0,0,0,0,0,0,0,0,0,0,0,0,0,0,0,0,0,0,0,1,2,2,2,2,2,2,2,2,2,2,2,2,2,2,2,2,2,2,2,2,3,3,3,3,3,3,3,3,3,3,3,3,3,3,3,3,3,3,3,3,3,3,3,3,3,3,3,3,3,3,3,3,3,4,4,4,4,4,4,4,4,4,5,5,6,6,6,6,6,6,6,6,6,6,6,6,6,6,6,7,Syria
165,0,https://flagcdn.com/48x36/tw.png,0,0,0,0,0,0,0,0,0,0,0,0,0,0,0,0,0,0,0,0,0,0,0,0,1,1,1,1,1,1,1,1,1,1,1,1,1,1,1,1,1,1,1,1,1,1,1,1,1,1,1,1,1,1,1,1,1,2,2,2,2,2,2,2,2,2,2,5,5,5,5,5,5,5,5,5,5,5,6,6,6,6,6,6,6,6,6,6,6,6,6,6,6,6,6,6,6,6,6,6,6,6,6,6,6,6,6,6,6,7,7,7,7,7,7,7,7,7,7,7,7,7,7,7,7,7,7,7,7,7,7,7,7,7,7,7,7,7,7,7,7,7,7,7,7,7,7,Taiwan
167,0,https://flagcdn.com/48x36/tz.png,0,0,0,0,0,0,0,0,0,0,0,0,0,0,0,0,0,0,0,0,0,0,0,0,0,0,0,0,0,0,0,0,0,0,0,0,0,0,0,0,0,0,0,0,0,0,0,0,0,0,0,0,0,0,0,0,0,0,0,0,0,0,0,0,0,0,0,0,1,1,1,1,1,1,1,1,1,1,3,3,3,3,3,4,4,5,5,7,10,10,10,10,10,10,10,10,10,16,16,16,16,16,16,16,16,16,21,21,21,21,21,21,21,21,21,21,21,21,21,21,21,21,21,21,21,21,21,21,21,21,21,21,21,21,21,21,21,21,21,21,21,21,21,21,21,21,21,Tanzania
168,0,https://flagcdn.com/48x36/th.png,0,0,0,0,0,0,0,0,0,0,0,0,0,0,0,0,0,0,0,0,0,0,0,0,0,0,0,0,0,0,0,0,0,0,0,0,0,0,1,1,1,1,1,1,1,1,1,1,1,1,1,1,1,1,1,1,1,1,1,1,1,4,4,4,5,6,7,9,10,12,15,19,20,23,26,27,30,32,33,35,38,40,41,43,46,47,47,47,47,48,49,50,51,51,51,52,54,54,54,54,54,54,54,54,55,55,55,56,56,56,56,56,56,56,56,56,56,56,56,56,56,56,56,57,57,57,57,57,57,57,57,58,58,58,58,58,58,58,58,58,58,58,58,58,58,58,58,Thailand
169,0,https://flagcdn.com/48x36/tl.png,0,0,0,0,0,0,0,0,0,0,0,0,0,0,0,0,0,0,0,0,0,0,0,0,0,0,0,0,0,0,0,0,0,0,0,0,0,0,0,0,0,0,0,0,0,0,0,0,0,0,0,0,0,0,0,0,0,0,0,0,0,0,0,0,0,0,0,0,0,0,0,0,0,0,0,0,0,0,0,0,0,0,0,0,0,0,0,0,0,0,0,0,0,0,0,0,0,0,0,0,0,0,0,0,0,0,0,0,0,0,0,0,0,0,0,0,0,0,0,0,0,0,0,0,0,0,0,0,0,0,0,0,0,0,0,0,0,0,0,0,0,0,0,0,0,0,0,Timor-Leste
170,0,https://flagcdn.com/48x36/tg.png,0,0,0,0,0,0,0,0,0,0,0,0,0,0,0,0,0,0,0,0,0,0,0,0,0,0,0,0,0,0,0,0,0,0,0,0,0,0,0,0,0,0,0,0,0,0,0,0,0,0,0,0,0,0,0,0,0,0,0,0,0,0,0,0,1,1,1,1,1,2,2,3,3,3,3,3,3,3,3,3,3,3,3,3,5,5,5,5,6,6,6,6,6,6,6,6,6,7,9,9,9,9,9,9,9,9,10,10,11,11,11,11,11,11,11,11,12,12,12,12,12,12,12,13,13,13,13,13,13,13,13,13,13,13,13,13,13,13,13,13,13,13,13,13,13,13,13,Togo
171,0,https://flagcdn.com/48x36/tt.png,0,0,0,0,0,0,0,0,0,0,0,0,0,0,0,0,0,0,0,0,0,0,0,0,0,0,0,0,0,0,0,0,0,0,0,0,0,0,0,0,0,0,0,0,0,0,0,0,0,0,0,0,0,0,0,0,0,0,0,0,0,0,1,1,2,3,3,3,3,5,5,6,6,7,8,8,8,8,8,8,8,8,8,8,8,8,8,8,8,8,8,8,8,8,8,8,8,8,8,8,8,8,8,8,8,8,8,8,8,8,8,8,8,8,8,8,8,8,8,8,8,8,8,8,8,8,8,8,8,8,8,8,8,8,8,8,8,8,8,8,8,8,8,8,8,8,8,Trinidad and Tobago
172,0,https://flagcdn.com/48x36/tn.png,0,0,0,0,0,0,0,0,0,0,0,0,0,0,0,0,0,0,0,0,0,0,0,0,0,0,0,0,0,0,0,0,0,0,0,0,0,0,0,0,0,0,0,0,0,0,0,0,0,0,0,0,0,0,0,0,1,1,1,3,3,4,5,6,6,8,8,8,10,12,14,18,18,22,22,23,24,25,25,28,31,34,34,35,37,37,37,38,38,38,38,38,38,38,38,39,40,40,41,41,42,42,43,43,43,44,45,45,45,45,45,45,45,45,45,45,46,47,47,47,47,48,48,48,48,48,48,48,48,48,48,48,49,49,49,49,49,49,49,49,49,49,49,49,49,49,50,Tunisia
173,0,https://flagcdn.com/48x36/tr.png,0,0,0,0,0,0,0,0,0,0,0,0,0,0,0,0,0,0,0,0,0,0,0,0,0,0,0,0,0,0,0,0,0,0,0,0,0,0,0,0,0,0,0,0,0,0,0,0,0,0,0,0,0,0,1,1,3,4,9,30,37,44,59,75,92,108,131,168,214,277,356,425,501,574,649,725,812,908,1006,1101,1198,1296,1403,1518,1643,1769,1890,2017,2140,2259,2376,2491,2600,2706,2805,2900,2992,3081,3174,3258,3336,3397,3461,3520,3584,3641,3689,3739,3786,3841,3894,3952,4007,4055,4096,4140,4171,4199,4222,4249,4276,4308,4340,4369,4397,4431,4461,4489,4515,4540,4563,4585,4609,4630,4648,4669,4692,4711,4729,4746,4763,4778,4792,4807,4825,4842,4861,Turkey
174,0,https://flagcdn.com/48x36/us.png,0,0,0,0,0,0,0,0,0,0,0,0,0,0,0,0,0,0,0,0,0,0,0,0,0,0,0,0,0,0,0,0,0,0,0,0,0,1,1,6,7,11,12,14,17,21,22,28,36,40,47,54,63,85,108,118,200,244,307,427,552,706,942,1209,1581,2026,2467,2978,3873,4757,5926,7087,8407,9619,10783,12722,14695,16478,18586,20462,22019,23528,25831,28325,32916,36773,38664,40661,42094,44444,46622,49954,51949,53755,54881,56259,58355,60967,62996,64943,66369,67682,68922,71064,73431,75662,77180,78795,79526,80682,82376,84119,85898,87530,88754,89562,90347,91921,93439,94702,95979,97087,97720,98220,98913,100418,101616,102809,103776,104381,105149,106180,107175,108211,109373,110084,110528,111011,111989,112924,113820,114669,115436,115732,116127,116963,117717,US
175,0,https://flagcdn.com/48x36/ug.png,0,0,0,0,0,0,0,0,0,0,0,0,0,0,0,0,0,0,0,0,0,0,0,0,0,0,0,0,0,0,0,0,0,0,0,0,0,0,0,0,0,0,0,0,0,0,0,0,0,0,0,0,0,0,0,0,0,0,0,0,0,0,0,0,0,0,0,0,0,0,0,0,0,0,0,0,0,0,0,0,0,0,0,0,0,0,0,0,0,0,0,0,0,0,0,0,0,0,0,0,0,0,0,0,0,0,0,0,0,0,0,0,0,0,0,0,0,0,0,0,0,0,0,0,0,0,0,0,0,0,0,0,0,0,0,0,0,0,0,0,0,0,0,0,0,0,0,Uganda
176,0,https://flagcdn.com/48x36/ua.png,0,0,0,0,0,0,0,0,0,0,0,0,0,0,0,0,0,0,0,0,0,0,0,0,0,0,0,0,0,0,0,0,0,0,0,0,0,0,0,0,0,0,0,0,0,0,0,0,0,0,1,1,1,1,2,2,2,3,3,3,3,3,5,5,5,9,10,13,17,20,22,27,32,37,38,45,52,57,69,73,83,93,98,108,116,125,133,141,151,161,174,187,193,201,209,220,239,250,261,272,279,288,303,316,327,340,361,376,391,408,425,439,456,476,497,514,535,548,564,579,588,605,617,623,644,658,669,679,696,708,724,733,742,755,770,785,796,805,818,841,864,880,890,899,911,922,953,Ukraine
177,0,https://flagcdn.com/48x36/ae.png,0,0,0,0,0,0,0,0,0,0,0,0,0,0,0,0,0,0,0,0,0,0,0,0,0,0,0,0,0,0,0,0,0,0,0,0,0,0,0,0,0,0,0,0,0,0,0,0,0,0,0,0,0,0,0,0,0,2,2,2,2,2,2,2,2,2,3,5,6,8,8,9,10,10,11,12,12,14,16,20,22,25,28,33,35,37,37,41,43,46,52,56,64,71,76,82,89,98,105,111,119,126,137,146,157,165,174,185,198,201,203,206,208,210,214,220,224,227,233,237,241,244,245,248,253,255,258,260,262,264,266,269,270,273,274,275,276,281,283,284,286,287,288,289,291,293,295,United Arab Emirates
178,0,https://flagcdn.com/48x36/tc.png,0,0,0,0,0,0,0,0,0,0,0,0,0,0,0,0,0,0,0,0,0,0,0,0,0,0,0,0,0,0,0,0,0,0,0,0,0,0,0,0,0,0,1,2,2,3,4,6,8,8,8,21,21,56,56,72,138,178,234,282,336,423,466,580,761,1021,1231,1411,1793,2357,2926,3611,4320,4943,5385,6171,7111,7993,8974,9892,10629,11347,12129,12894,13759,14607,15498,16095,16550,17378,18151,18791,19567,20381,20794,21157,21745,26166,26842,27583,28205,28520,28809,29501,30150,30689,31316,31662,31930,32141,32769,33264,33693,34078,34546,34716,34876,35422,35786,36124,36475,36757,36875,36996,37130,37542,37919,38243,38458,38571,39127,39452,39811,39987,40344,40548,40625,40680,40968,41213,41364,41566,41747,41783,41821,42054,42238,United Kingdom
179,0,https://flagcdn.com/48x36/uy.png,0,0,0,0,0,0,0,0,0,0,0,0,0,0,0,0,0,0,0,0,0,0,0,0,0,0,0,0,0,0,0,0,0,0,0,0,0,0,0,0,0,0,0,0,0,0,0,0,0,0,0,0,0,0,0,0,0,0,0,0,0,0,0,0,0,0,1,1,1,2,4,4,5,5,6,7,7,7,7,7,7,8,8,8,9,9,9,10,10,11,12,12,12,14,15,15,15,15,17,17,17,17,17,17,17,17,18,18,19,19,19,19,19,19,19,20,20,20,20,20,20,22,22,22,22,22,22,22,22,22,23,23,23,23,23,23,23,23,23,23,23,23,23,23,23,24,24,Uruguay
180,0,https://flagcdn.com/48x36/uz.png,0,0,0,0,0,0,0,0,0,0,0,0,0,0,0,0,0,0,0,0,0,0,0,0,0,0,0,0,0,0,0,0,0,0,0,0,0,0,0,0,0,0,0,0,0,0,0,0,0,0,0,0,0,0,0,0,0,0,0,0,0,0,0,0,1,2,2,2,2,2,2,2,2,2,2,2,3,3,3,4,4,4,4,4,4,4,5,5,5,6,7,7,8,8,8,8,8,9,9,9,9,10,10,10,10,10,10,10,10,10,10,11,11,11,11,12,13,13,13,13,13,13,13,13,14,14,14,14,14,15,15,15,16,16,16,17,17,18,18,19,19,19,19,19,19,19,19,Uzbekistan
181,0,https://flagcdn.com/48x36/ve.png,0,0,0,0,0,0,0,0,0,0,0,0,0,0,0,0,0,0,0,0,0,0,0,0,0,0,0,0,0,0,0,0,0,0,0,0,0,0,0,0,0,0,0,0,0,0,0,0,0,0,0,0,0,0,0,0,0,0,0,0,0,0,0,0,1,2,2,3,3,3,5,7,7,7,7,7,9,9,9,9,9,9,9,9,9,9,9,9,9,10,10,10,10,10,10,10,10,10,16,10,10,10,10,10,10,10,10,10,10,10,10,10,10,10,10,10,10,10,10,10,10,10,10,10,11,11,11,14,14,14,17,18,20,20,20,22,22,22,23,23,23,23,24,25,26,27,28,Venezuela
182,0,https://flagcdn.com/48x36/vn.png,0,0,0,0,0,0,0,0,0,0,0,0,0,0,0,0,0,0,0,0,0,0,0,0,0,0,0,0,0,0,0,0,0,0,0,0,0,0,0,0,0,0,0,0,0,0,0,0,0,0,0,0,0,0,0,0,0,0,0,0,0,0,0,0,0,0,0,0,0,0,0,0,0,0,0,0,0,0,0,0,0,0,0,0,0,0,0,0,0,0,0,0,0,0,0,0,0,0,0,0,0,0,0,0,0,0,0,0,0,0,0,0,0,0,0,0,0,0,0,0,0,0,0,0,0,0,0,0,0,0,0,0,0,0,0,0,0,0,0,0,0,0,0,0,0,0,0,Vietnam
183,0,https://flagcdn.com/48x36/ps.png,0,0,0,0,0,0,0,0,0,0,0,0,0,0,0,0,0,0,0,0,0,0,0,0,0,0,0,0,0,0,0,0,0,0,0,0,0,0,0,0,0,0,0,0,0,0,0,0,0,0,0,0,0,0,0,0,0,0,0,0,0,0,0,1,1,1,1,1,1,1,1,1,1,1,1,1,1,1,2,2,2,2,2,2,2,2,2,3,3,4,4,4,4,2,2,2,2,2,2,2,2,2,2,2,2,2,2,2,2,2,2,2,2,2,2,2,2,2,2,2,2,3,3,3,3,3,3,3,3,3,3,3,3,3,3,3,3,3,3,3,3,3,3,3,3,3,3,West Bank and Gaza
185,0,https://flagcdn.com/48x36/zm.png,0,0,0,0,0,0,0,0,0,0,0,0,0,0,0,0,0,0,0,0,0,0,0,0,0,0,0,0,0,0,0,0,0,0,0,0,0,0,0,0,0,0,0,0,0,0,0,0,0,0,0,0,0,0,0,0,0,0,0,0,0,0,0,0,0,0,0,0,0,0,1,1,1,1,1,1,1,1,2,2,2,2,2,2,2,2,2,3,3,3,3,3,3,3,3,3,3,3,3,3,3,3,3,3,4,4,4,7,7,7,7,7,7,7,7,7,7,7,7,7,7,7,7,7,7,7,7,7,7,7,7,7,7,7,7,7,7,10,10,10,10,10,10,11,11,11,11,Zambia
186,0,https://flagcdn.com/48x36/zw.png,0,0,0,0,0,0,0,0,0,0,0,0,0,0,0,0,0,0,0,0,0,0,0,0,0,0,0,0,0,0,0,0,0,0,0,0,0,0,0,0,0,0,0,0,0,0,0,0,0,0,0,0,0,0,0,0,0,0,0,0,1,1,1,1,1,1,1,1,1,1,1,1,1,1,1,2,3,3,3,3,3,3,3,3,3,3,3,3,3,3,4,4,4,4,4,4,4,4,4,4,4,4,4,4,4,4,4,4,4,4,4,4,4,4,4,4,4,4,4,4,4,4,4,4,4,4,4,4,4,4,4,4,4,4,4,4,4,4,4,4,4,4,4,4,4,4,4,Zimbabwe
